timestep,demand,tank_level,pressure
0,66.97600000000001,43.02399999999999,17.21
1,66.339,36.68499999999999,14.67
2,71.48700000000001,25.19799999999998,10.08
3,77.675,27.522999999999982,11.01
4,74.971,32.55199999999998,13.02
5,80.938,11.613999999999976,4.65
6,95.08200000000001,0.0,0.0
7,97.799,0.0,0.0
8,94.796,0.0,0.0
9,95.251,0.0,0.0
10,83.915,0.0,0.0
11,75.595,4.405000000000001,1.76
12,71.747,12.658000000000001,5.06
13,59.605000000000004,33.053,13.22
14,59.774,33.278999999999996,13.31
15,66.97600000000001,26.302999999999983,10.52
16,70.811,35.491999999999976,14.2
17,83.239,12.252999999999972,4.9
18,84.864,7.388999999999967,2.96
19,85.70900000000002,1.67999999999995,0.67
20,94.991,0.0,0.0
21,82.81,0.0,0.0
22,77.363,2.6370000000000005,1.05
23,66.32600000000001,16.310999999999993,6.52
24,62.92,33.39099999999999,13.36
25,67.31400000000001,26.076999999999984,10.43
26,64.46700000000001,41.60999999999997,16.64
27,73.19,28.419999999999973,11.37
28,73.541,34.87899999999998,13.95
29,80.71700000000001,14.161999999999964,5.66
30,86.58,7.581999999999965,3.03
31,102.02400000000002,0.0,0.0
32,96.57700000000001,0.0,0.0
33,89.011,0.0,0.0
34,88.92000000000002,0.0,0.0
35,72.644,7.3559999999999945,2.94
36,71.617,15.73899999999999,6.3
37,59.423,36.31599999999999,14.53
38,61.321000000000005,34.99499999999998,14.0
39,69.927,25.06799999999997,10.03
40,77.649,27.41899999999997,10.97
41,82.68,24.73899999999996,9.9
42,87.958,16.780999999999963,6.71
43,90.051,6.729999999999961,2.69
44,83.512,3.217999999999961,1.29
45,80.886,2.331999999999965,0.93
46,75.309,7.022999999999968,2.81
47,76.011,11.011999999999972,4.4
48,66.378,24.633999999999972,9.85
49,59.995,44.638999999999974,17.86
50,70.22600000000001,34.41299999999997,13.77
51,70.22600000000001,24.186999999999955,9.67
52,73.242,30.94499999999995,12.38
53,84.24,6.704999999999956,2.68
54,92.95,0.0,0.0
55,98.436,0.0,0.0
56,93.35300000000001,0.0,0.0
57,91.923,0.0,0.0
58,87.00900000000001,0.0,0.0
59,81.211,0.0,0.0
60,68.926,11.073999999999998,4.43
61,66.352,24.721999999999994,9.89
62,62.19200000000001,42.52999999999999,17.01
63,64.493,38.03699999999999,15.21
64,77.935,20.10199999999999,8.04
65,87.30799999999999,12.793999999999997,5.12
66,88.12700000000001,4.666999999999987,1.87
67,95.13400000000001,0.0,0.0
68,90.68800000000002,0.0,0.0
69,81.172,0.0,0.0
70,78.507,1.492999999999995,0.6
71,77.883,3.6099999999999994,1.44
72,64.909,18.700999999999993,7.48
73,72.982,25.718999999999994,10.29
74,58.747,46.971999999999994,18.79
75,74.932,32.03999999999999,12.82
76,76.21900000000001,15.820999999999984,6.33
77,80.67800000000001,15.142999999999972,6.06
78,89.284,5.858999999999966,2.34
79,87.048,0.0,0.0
80,95.771,0.0,0.0
81,94.523,0.0,0.0
82,91.48100000000001,0.0,0.0
83,75.387,4.6129999999999995,1.85
84,67.63900000000001,16.97399999999999,6.79
85,65.117,31.856999999999985,12.74
86,70.083,21.773999999999987,8.71
87,70.447,31.326999999999984,12.53
88,72.696,18.630999999999986,7.45
89,84.01899999999999,14.611999999999995,5.84
90,88.77700000000002,5.8349999999999795,2.33
91,95.004,0.0,0.0
92,86.528,0.0,0.0
93,82.407,0.0,0.0
94,75.569,4.430999999999997,1.77
95,66.18299999999999,18.248000000000005,7.3
96,66.196,32.05200000000001,12.82
97,67.899,24.153000000000006,9.66
98,68.97800000000001,35.175,14.07
99,70.811,24.36399999999999,9.75
100,70.356,34.007999999999996,13.6
101,80.21000000000001,13.797999999999988,5.52
102,87.594,6.2039999999999935,2.48
103,91.676,0.0,0.0
104,96.005,0.0,0.0
105,94.705,0.0,0.0
106,93.06700000000001,0.0,0.0
107,78.09100000000001,1.9089999999999918,0.76
108,71.79899999999999,10.11,4.04
109,66.781,23.328999999999994,9.33
110,59.02,44.30899999999999,17.72
111,69.056,35.253,14.1
112,74.997,20.256,8.1
113,91.62400000000001,8.63199999999999,3.45
114,87.646,0.98599999999999,0.39
115,92.404,0.0,0.0
116,89.14099999999999,0.0,0.0
117,79.131,0.8689999999999998,0.35
118,81.56200000000001,0.0,0.0
119,74.815,5.185000000000002,2.07
120,68.133,17.052000000000007,6.82
121,63.323,33.729000000000006,13.49
122,74.425,19.304000000000016,7.72
123,66.261,33.04300000000002,13.22
124,78.16900000000001,14.87400000000001,5.95
125,90.38900000000001,4.484999999999999,1.79
126,85.05900000000001,0.0,0.0
127,92.599,0.0,0.0
128,97.01899999999999,0.0,0.0
129,91.169,0.0,0.0
130,79.664,0.3359999999999985,0.13
131,77.675,2.6610000000000014,1.06
132,66.65100000000001,16.00999999999999,6.4
133,68.913,27.096999999999994,10.84
134,62.92,44.17699999999999,17.67
135,75.205,28.971999999999994,11.59
136,71.708,37.263999999999996,14.91
137,80.756,16.507999999999996,6.6
138,91.572,4.935999999999993,1.97
139,86.424,0.0,0.0
140,90.155,0.0,0.0
141,88.79,0.0,0.0
142,70.837,9.162999999999997,3.67
143,72.605,16.557999999999993,6.62
144,66.05300000000001,30.50499999999998,12.2
145,69.927,20.577999999999975,8.23
146,64.14200000000001,36.435999999999964,14.57
147,66.586,29.849999999999966,11.94
148,77.909,31.94099999999996,12.78
149,83.00500000000001,8.93599999999995,3.57
150,89.908,0.0,0.0
151,96.161,0.0,0.0
152,93.97700000000002,0.0,0.0
153,94.042,0.0,0.0
154,86.85300000000001,0.0,0.0
155,74.62,5.3799999999999955,2.15
156,78.078,7.3019999999999925,2.92
157,68.913,18.388999999999996,7.36
158,61.867000000000004,36.52199999999999,14.61
159,71.721,24.800999999999988,9.92
160,70.96700000000001,33.833999999999975,13.53
161,85.08500000000001,8.748999999999967,3.5
162,92.924,0.0,0.0
163,88.023,0.0,0.0
164,93.028,0.0,0.0
165,85.30600000000001,0.0,0.0
166,80.31400000000001,0.0,0.0
167,79.287,0.7129999999999939,0.29
168,64.09,16.62299999999999,6.65
169,63.934000000000005,32.688999999999986,13.08
170,65.494,27.194999999999993,10.88
171,68.54899999999999,38.646,15.46
172,75.58200000000001,23.063999999999993,9.23
173,83.17399999999999,19.89,7.96
174,90.012,9.878,3.95
175,98.033,0.0,0.0
176,96.68100000000001,0.0,0.0
177,98.8,0.0,0.0
178,84.682,0.0,0.0
179,88.023,0.0,0.0
180,73.242,6.757999999999996,2.7
181,63.726000000000006,23.03199999999999,9.21
182,62.33500000000001,40.696999999999974,16.28
183,71.045,29.651999999999973,11.86
184,73.89200000000001,35.75999999999996,14.3
185,84.799,10.960999999999956,4.38
186,90.24600000000001,0.7149999999999466,0.29
187,90.935,0.0,0.0
188,85.969,0.0,0.0
189,77.779,2.2210000000000036,0.89
190,75.361,6.859999999999999,2.74
191,75.231,11.629000000000005,4.65
192,65.884,25.745000000000005,10.3
193,62.023,43.722,17.49
194,69.641,34.081,13.63
195,73.229,20.852000000000004,8.34
196,72.436,28.415999999999997,11.37
197,82.446,25.97,10.39
198,89.154,16.816000000000003,6.73
199,90.35000000000001,6.465999999999994,2.59
200,98.02000000000001,0.0,0.0
201,95.31599999999999,0.0,0.0
202,89.93400000000001,0.0,0.0
203,81.52300000000001,0.0,0.0
204,65.429,14.570999999999998,5.83
205,63.414,31.156999999999996,12.46
206,68.51,22.64699999999999,9.06
207,71.162,31.484999999999985,12.59
208,76.778,14.70699999999998,5.88
209,97.04500000000002,0.0,0.0
210,90.62299999999999,0.0,0.0
211,95.654,0.0,0.0
212,92.989,0.0,0.0
213,86.229,0.0,0.0
214,75.868,4.132000000000005,1.65
215,74.84100000000001,9.290999999999997,3.72
216,62.023,27.267999999999994,10.91
217,65.949,41.319,16.53
218,67.06700000000001,34.251999999999995,13.7
219,72.046,22.20599999999999,8.88
220,84.903,17.302999999999983,6.92
221,74.568,22.734999999999985,9.09
222,91.611,11.123999999999981,4.45
223,88.51700000000001,2.606999999999971,1.04
224,94.796,0.0,0.0
225,97.383,0.0,0.0
226,85.969,0.0,0.0
227,73.203,6.796999999999997,2.72
228,68.003,18.793999999999997,7.52
229,69.71900000000001,29.07499999999999,11.63
230,63.661,45.41399999999999,18.17
231,70.00500000000001,35.40899999999998,14.16
232,74.94500000000001,20.46399999999997,8.19
233,79.46900000000001,20.994999999999962,8.4
234,96.75900000000001,4.235999999999947,1.69
235,93.69099999999999,0.0,0.0
236,81.38000000000001,0.0,0.0
237,84.422,0.0,0.0
238,74.516,5.483999999999995,2.19
239,75.205,10.278999999999996,4.11
240,61.958,28.320999999999998,11.33
241,66.43,41.89099999999999,16.76
242,70.92800000000001,30.96299999999998,12.39
243,75.10100000000001,15.861999999999966,6.34
244,71.20100000000001,24.66099999999996,9.86
245,80.548,24.112999999999957,9.65
246,87.07400000000001,17.038999999999945,6.82
247,92.261,4.777999999999949,1.91
248,103.51899999999999,0.0,0.0
249,94.705,0.0,0.0
250,80.795,0.0,0.0
251,80.99,0.0,0.0
252,79.079,0.9210000000000065,0.37
253,71.097,9.824000000000012,3.93
254,60.580000000000005,29.244000000000007,11.7
255,67.275,41.968999999999994,16.79
256,79.703,22.26599999999999,8.91
257,79.261,23.004999999999995,9.2
258,90.129,12.87599999999999,5.15
259,94.237,0.0,0.0
260,85.65700000000001,0.0,0.0
261,83.46000000000001,0.0,0.0
262,64.46700000000001,15.532999999999987,6.21
263,67.886,27.64699999999999,11.06
264,64.06400000000001,43.582999999999984,17.43
265,62.010000000000005,41.57299999999998,16.63
266,75.322,26.250999999999976,10.5
267,66.157,40.09399999999998,16.04
268,74.16499999999999,25.928999999999988,10.37
269,82.355,23.573999999999984,9.43
270,94.549,9.024999999999977,3.61
271,89.206,0.0,0.0
272,101.166,0.0,0.0
273,93.171,0.0,0.0
274,81.887,0.0,0.0
275,79.209,0.7909999999999968,0.32
276,71.578,9.212999999999994,3.69
277,64.727,24.48599999999999,9.79
278,66.781,37.704999999999984,15.08
279,67.66499999999999,30.039999999999992,12.02
280,75.205,14.834999999999994,5.93
281,84.604,10.230999999999995,4.09
282,94.58800000000001,0.0,0.0
283,86.398,0.0,0.0
284,97.591,0.0,0.0
285,76.07600000000001,3.9239999999999924,1.57
286,76.50500000000001,7.418999999999983,2.97
287,74.17800000000001,13.240999999999971,5.3
288,66.144,27.096999999999966,10.84
289,64.441,42.65599999999996,17.06
290,68.146,34.50999999999996,13.8
291,69.81,24.69999999999996,9.88
292,73.58,31.119999999999962,12.45
293,85.16300000000001,5.956999999999951,2.38
294,90.32400000000001,0.0,0.0
295,92.10499999999999,0.0,0.0
296,100.13900000000001,0.0,0.0
297,94.328,0.0,0.0
298,88.88100000000001,0.0,0.0
299,79.872,0.1280000000000001,0.05
300,67.561,12.566999999999993,5.03
301,64.883,27.683999999999997,11.07
302,69.42,38.263999999999996,15.31
303,71.539,26.724999999999994,10.69
304,74.685,32.03999999999999,12.82
305,82.472,9.567999999999998,3.83
306,93.39200000000001,0.0,0.0
307,88.92000000000002,0.0,0.0
308,91.403,0.0,0.0
309,82.90100000000001,0.0,0.0
310,76.258,3.7420000000000044,1.5
311,76.167,7.575000000000003,3.03
312,68.263,19.311999999999998,7.72
313,70.04400000000001,29.267999999999986,11.71
314,74.048,35.219999999999985,14.09
315,71.81200000000001,23.407999999999973,9.36
316,78.533,24.87499999999997,9.95
317,80.63900000000001,24.23599999999996,9.69
318,90.194,14.041999999999959,5.62
319,94.302,0.0,0.0
320,97.00600000000001,0.0,0.0
321,95.44600000000001,0.0,0.0
322,82.524,0.0,0.0
323,85.56599999999999,0.0,0.0
324,66.872,13.128,5.25
325,62.33500000000001,30.792999999999992,12.32
326,71.019,19.773999999999987,7.91
327,72.254,27.519999999999982,11.01
328,77.194,30.32599999999998,12.13
329,84.461,5.864999999999981,2.35
330,88.361,0.0,0.0
331,87.724,0.0,0.0
332,89.57000000000001,0.0,0.0
333,81.055,0.0,0.0
334,80.899,0.0,0.0
335,71.305,8.694999999999993,3.48
336,61.828,26.86699999999999,10.75
337,65.624,41.242999999999995,16.5
338,70.577,30.665999999999997,12.27
339,69.537,21.12899999999999,8.45
340,72.67,28.45899999999999,11.38
341,82.797,25.661999999999992,10.26
342,89.882,15.779999999999987,6.31
343,92.833,2.9469999999999885,1.18
344,94.796,0.0,0.0
345,94.029,0.0,0.0
346,80.06700000000001,0.0,0.0
347,71.916,8.084000000000003,3.23
348,67.99,20.09400000000001,8.04
349,66.235,33.85900000000001,13.54
350,67.71700000000001,26.141999999999996,10.46
351,74.91900000000001,31.222999999999985,12.49
352,78.117,13.10599999999998,5.24
353,81.393,11.71299999999998,4.69
354,88.322,3.390999999999977,1.36
355,87.30799999999999,0.0,0.0
356,89.206,0.0,0.0
357,82.563,0.0,0.0
358,78.364,1.6359999999999957,0.65
359,68.653,12.98299999999999,5.19
360,67.06700000000001,25.915999999999983,10.37
361,72.852,33.06399999999998,13.23
362,68.536,24.527999999999977,9.81
363,73.29400000000001,31.233999999999966,12.49
364,78.572,12.661999999999964,5.06
365,80.288,12.373999999999967,4.95
366,89.804,2.5699999999999648,1.03
367,94.848,0.0,0.0
368,97.00600000000001,0.0,0.0
369,90.116,0.0,0.0
370,85.81300000000002,0.0,0.0
371,79.352,0.6479999999999961,0.26
372,76.453,4.194999999999993,1.68
373,70.811,13.383999999999986,5.35
374,74.906,18.47799999999998,7.39
375,66.17,32.30799999999998,12.92
376,78.16900000000001,14.138999999999967,5.66
377,82.732,11.406999999999968,4.56
378,96.94099999999999,0.0,0.0
379,88.075,0.0,0.0
380,85.995,0.0,0.0
381,81.354,0.0,0.0
382,68.822,11.177999999999997,4.47
383,69.836,21.342,8.54
384,62.088,39.254,15.7
385,67.45700000000001,31.796999999999983,12.72
386,70.291,21.505999999999986,8.6
387,79.05300000000001,22.452999999999975,8.98
388,79.586,22.866999999999976,9.15
389,79.599,23.267999999999972,9.31
390,85.423,17.84499999999997,7.14
391,96.72000000000001,1.1249999999999574,0.45
392,91.48100000000001,0.0,0.0
393,100.26899999999999,0.0,0.0
394,90.311,0.0,0.0
395,75.58200000000001,4.417999999999992,1.77
396,64.116,20.301999999999992,8.12
397,72.345,27.956999999999994,11.18
398,66.066,41.89099999999999,16.76
399,73.99600000000001,27.894999999999982,11.16
400,68.54899999999999,39.34599999999999,15.74
401,79.677,19.668999999999983,7.87
402,88.426,11.24299999999998,4.5
403,91.403,0.0,0.0
404,87.51599999999999,0.0,0.0
405,86.125,0.0,0.0
406,72.943,7.057000000000002,2.82
407,71.331,15.725999999999999,6.29
408,65.507,30.218999999999994,12.09
409,68.887,21.331999999999994,8.53
410,71.73400000000001,29.597999999999985,11.84
411,67.34,42.25799999999998,16.9
412,69.90100000000001,32.35699999999997,12.94
413,86.82700000000001,5.5299999999999585,2.21
414,90.22000000000001,0.0,0.0
415,91.88400000000001,0.0,0.0
416,102.674,0.0,0.0
417,93.587,0.0,0.0
418,90.311,0.0,0.0
419,77.675,2.325000000000003,0.93
420,78.83200000000001,3.492999999999995,1.4
421,73.918,9.574999999999989,3.83
422,65.533,24.041999999999987,9.62
423,72.956,31.085999999999984,12.43
424,77.28500000000001,13.800999999999974,5.52
425,87.36000000000001,6.44099999999996,2.58
426,84.643,1.7979999999999592,0.72
427,93.89900000000002,0.0,0.0
428,93.405,0.0,0.0
429,76.83,3.1700000000000017,1.27
430,72.488,10.682000000000002,4.27
431,63.934000000000005,26.747999999999998,10.7
432,63.998999999999995,42.748999999999995,17.1
433,69.68,33.06899999999999,13.23
434,74.815,18.25399999999999,7.3
435,72.02,26.233999999999995,10.49
436,82.22500000000001,24.008999999999986,9.6
437,76.46600000000001,27.542999999999978,11.02
438,82.28999999999999,25.252999999999986,10.1
439,94.58800000000001,10.664999999999978,4.27
440,98.12400000000001,0.0,0.0
441,93.00200000000001,0.0,0.0
442,77.649,2.350999999999999,0.94
443,77.06400000000001,5.286999999999992,2.11
444,65.715,19.57199999999999,7.83
445,69.68,29.89199999999998,11.96
446,67.938,41.95399999999998,16.78
447,65.494,36.45999999999998,14.58
448,72.761,23.698999999999984,9.48
449,77.883,25.81599999999999,10.33
450,88.153,17.662999999999982,7.07
451,94.95200000000001,2.71099999999997,1.08
452,85.423,0.0,0.0
453,85.65700000000001,0.0,0.0
454,75.036,4.963999999999999,1.99
455,68.796,16.167999999999992,6.47
456,64.623,31.544999999999987,12.62
457,62.842000000000006,28.70299999999998,11.48
458,66.807,41.89599999999997,16.76
459,67.054,34.84199999999997,13.94
460,83.53800000000001,11.30399999999996,4.52
461,81.991,9.31299999999996,3.73
462,86.203,3.109999999999957,1.24
463,95.64099999999999,0.0,0.0
464,96.187,0.0,0.0
465,92.27400000000002,0.0,0.0
466,88.114,0.0,0.0
467,80.366,0.0,0.0
468,68.731,11.269000000000005,4.51
469,64.818,26.451000000000008,10.58
470,65.429,41.022000000000006,16.41
471,60.19,40.83200000000001,16.33
472,68.861,31.971000000000004,12.79
473,87.347,4.624000000000009,1.85
474,94.822,0.0,0.0
475,90.24600000000001,0.0,0.0
476,91.52000000000001,0.0,0.0
477,84.903,0.0,0.0
478,89.115,0.0,0.0
479,76.245,3.7549999999999955,1.5
480,64.545,19.209999999999994,7.68
481,63.154,36.05599999999999,14.42
482,62.699,33.356999999999985,13.34
483,72.527,20.829999999999984,8.33
484,72.93,27.899999999999977,11.16
485,76.297,31.60299999999998,12.64
486,86.411,5.191999999999979,2.08
487,90.58400000000002,0.0,0.0
488,103.20700000000001,0.0,0.0
489,96.56400000000001,0.0,0.0
490,85.68299999999999,0.0,0.0
491,83.18700000000001,0.0,0.0
492,71.097,8.903000000000006,3.56
493,63.713,25.190000000000005,10.08
494,72.449,32.741,13.1
495,71.266,21.474999999999994,8.59
496,70.72,30.754999999999995,12.3
497,81.27600000000001,9.478999999999985,3.79
498,84.994,4.484999999999985,1.79
499,85.826,0.0,0.0
500,92.885,0.0,0.0
501,91.143,0.0,0.0
502,71.643,8.357,3.34
503,74.074,14.283000000000001,5.71
504,62.504,31.779000000000003,12.71
505,64.974,26.804999999999993,10.72
506,66.65100000000001,40.15399999999998,16.06
507,68.367,31.786999999999978,12.71
508,76.063,15.723999999999975,6.29
509,78.611,17.11299999999997,6.85
510,89.986,7.126999999999967,2.85
511,94.614,0.0,0.0
512,95.693,0.0,0.0
513,89.596,0.0,0.0
514,83.473,0.0,0.0
515,80.35300000000001,0.0,0.0
516,72.748,7.251999999999995,2.9
517,63.257999999999996,23.994,9.6
518,66.89800000000001,37.09599999999999,14.84
519,72.098,24.99799999999999,10.0
520,68.25,36.74799999999999,14.7
521,84.136,12.611999999999995,5.04
522,85.81300000000002,6.798999999999978,2.72
523,93.444,0.0,0.0
524,86.294,0.0,0.0
525,76.64800000000001,3.3519999999999897,1.34
526,70.759,12.59299999999999,5.04
527,72.072,20.520999999999987,8.21
528,66.05300000000001,34.467999999999975,13.79
529,63.349,31.11899999999998,12.45
530,71.44800000000001,19.670999999999964,7.87
531,65.247,34.423999999999964,13.77
532,75.62100000000001,18.802999999999955,7.52
533,77.129,21.67399999999995,8.67
534,86.385,15.288999999999945,6.12
535,94.991,0.297999999999945,0.12
536,93.275,0.0,0.0
537,91.62400000000001,0.0,0.0
538,89.635,0.0,0.0
539,75.166,4.834000000000003,1.93
540,74.061,10.772999999999996,4.31
541,62.660000000000004,28.112999999999992,11.25
542,68.575,39.538,15.82
543,74.789,24.748999999999995,9.9
544,65.13000000000001,39.618999999999986,15.85
545,78.91000000000001,20.708999999999975,8.28
546,90.64900000000002,10.05999999999996,4.02
547,90.42800000000001,0.0,0.0
548,90.714,0.0,0.0
549,81.34100000000001,0.0,0.0
550,77.441,2.5589999999999975,1.02
551,71.279,11.280000000000001,4.51
552,69.602,21.677999999999997,8.67
553,67.873,33.80499999999999,13.52
554,70.278,23.526999999999987,9.41
555,70.122,33.40499999999999,13.36
556,73.983,19.421999999999983,7.77
557,80.158,19.26399999999998,7.71
558,90.46700000000001,8.796999999999969,3.52
559,93.158,0.0,0.0
560,97.76,0.0,0.0
561,101.218,0.0,0.0
562,89.115,0.0,0.0
563,76.141,3.8589999999999947,1.54
564,75.47800000000001,8.380999999999986,3.35
565,65.481,22.89999999999999,9.16
566,58.552,44.34799999999999,17.74
567,65.23400000000001,39.113999999999976,15.65
568,67.47,31.643999999999977,12.66
569,80.652,10.991999999999976,4.4
570,88.47800000000001,2.5139999999999674,1.01
571,97.76,0.0,0.0
572,90.54500000000002,0.0,0.0
573,82.836,0.0,0.0
574,80.34,0.0,0.0
575,63.257999999999996,16.742000000000004,6.7
576,65.962,30.78,12.31
577,69.888,20.891999999999996,8.36
578,63.193000000000005,37.69899999999999,15.08
579,76.193,21.505999999999986,8.6
580,77.194,24.311999999999983,9.72
581,80.236,24.07599999999998,9.63
582,91.39,12.685999999999979,5.07
583,103.66199999999999,0.0,0.0
584,97.344,0.0,0.0
585,94.094,0.0,0.0
586,83.92800000000001,0.0,0.0
587,74.10000000000001,5.8999999999999915,2.36
588,74.03500000000001,11.86499999999998,4.75
589,63.726000000000006,28.138999999999974,11.26
590,66.781,41.357999999999976,16.54
591,67.301,34.056999999999974,13.62
592,76.635,17.42199999999997,6.97
593,83.31700000000001,14.104999999999961,5.64
594,92.443,1.6619999999999635,0.66
595,89.232,0.0,0.0
596,88.218,0.0,0.0
597,79.872,0.1280000000000001,0.05
598,75.374,4.754000000000005,1.9
599,73.35900000000001,11.394999999999996,4.56
600,67.99,23.405,9.36
601,63.284,40.121,16.05
602,72.358,27.763000000000005,11.11
603,77.012,30.751000000000005,12.3
604,77.493,13.25800000000001,5.3
605,89.167,4.091000000000008,1.64
606,85.917,0.0,0.0
607,89.947,0.0,0.0
608,89.7,0.0,0.0
609,98.969,0.0,0.0
610,88.27000000000001,0.0,0.0
611,77.194,2.8059999999999974,1.12
612,71.89,10.915999999999997,4.37
613,62.686,28.229999999999997,11.29
614,76.05,32.17999999999999,12.87
615,69.667,22.51299999999999,9.01
616,75.19200000000001,27.320999999999984,10.93
617,84.851,22.469999999999985,8.99
618,90.28500000000001,12.184999999999974,4.87
619,92.09200000000001,0.09299999999996089,0.04
620,86.19,0.0,0.0
621,85.52700000000002,0.0,0.0
622,84.448,0.0,0.0
623,77.129,2.870999999999995,1.15
624,71.253,11.617999999999995,4.65
625,64.883,26.735,10.69
626,65.104,41.631,16.65
627,71.24,30.391000000000005,12.16
628,76.102,14.289000000000001,5.72
629,86.112,8.177000000000007,3.27
630,82.329,5.848000000000013,2.34
631,100.776,0.0,0.0
632,96.018,0.0,0.0
633,91.468,0.0,0.0
634,81.77,0.0,0.0
635,70.954,9.046000000000006,3.62
636,74.009,15.037000000000006,6.01
637,67.35300000000001,27.683999999999997,11.07
638,61.477000000000004,46.206999999999994,18.48
639,64.116,42.090999999999994,16.84
640,73.45,28.64099999999999,11.46
641,88.53,20.11099999999999,8.04
642,87.386,12.724999999999994,5.09
643,85.358,7.36699999999999,2.95
644,88.30900000000001,0.0,0.0
645,82.628,0.0,0.0
646,66.586,13.414000000000001,5.37
647,71.66900000000001,21.74499999999999,8.7
648,64.14200000000001,37.60299999999998,15.04
649,69.589,28.01399999999998,11.21
650,76.167,31.84699999999998,12.74
651,76.128,15.71899999999998,6.29
652,74.828,20.890999999999977,8.36
653,77.532,23.35899999999998,9.34
654,98.969,4.389999999999986,1.76
655,95.03,0.0,0.0
656,96.68100000000001,0.0,0.0
657,93.041,0.0,0.0
658,86.489,0.0,0.0
659,76.843,3.1569999999999965,1.26
660,68.56200000000001,14.594999999999985,5.84
661,64.935,29.659999999999982,11.86
662,66.378,43.28199999999998,17.31
663,67.041,36.240999999999985,14.5
664,71.981,24.25999999999999,9.7
665,82.43299999999999,21.826999999999998,8.73
666,87.41199999999999,14.415000000000006,5.77
667,97.08400000000002,0.0,0.0
668,78.936,1.063999999999993,0.43
669,87.94500000000001,0.0,0.0
670,81.965,0.0,0.0
671,63.804,16.195999999999998,6.48
672,63.713,32.483,12.99
673,65.429,27.054000000000002,10.82
674,63.466,43.588,17.44
675,68.69200000000001,34.89599999999999,13.96
676,71.552,23.34399999999998,9.34
677,88.686,14.657999999999973,5.86
678,92.573,2.0849999999999795,0.83
679,99.762,0.0,0.0
680,99.45,0.0,0.0
681,88.72500000000001,0.0,0.0
682,83.668,0.0,0.0
683,79.313,0.6869999999999976,0.27
684,66.027,14.659999999999997,5.86
685,69.849,24.810999999999993,9.92
686,65.572,39.23899999999999,15.7
687,67.704,31.534999999999997,12.61
688,77.545,13.989999999999995,5.6
689,83.74600000000001,10.243999999999986,4.1
690,86.99600000000001,3.2479999999999762,1.3
691,95.745,0.0,0.0
692,85.05900000000001,0.0,0.0
693,86.099,0.0,0.0
694,79.417,0.5829999999999984,0.23
695,70.681,9.902000000000001,3.96
696,66.313,23.589,9.44
697,61.997,41.592,16.64
698,72.566,29.025999999999996,11.61
699,71.006,38.019999999999996,15.21
700,73.84,24.179999999999993,9.67
701,85.943,18.236999999999995,7.29
702,86.177,12.059999999999988,4.82
703,89.31,2.749999999999986,1.1
704,90.55799999999999,0.0,0.0
705,95.49799999999999,0.0,0.0
706,80.71700000000001,0.0,0.0
707,84.253,0.0,0.0
708,62.673,17.326999999999998,6.93
709,73.684,23.643,9.46
710,67.327,36.316,14.53
711,68.783,27.533,11.01
712,72.644,34.888999999999996,13.96
713,83.57700000000001,11.311999999999983,4.52
714,88.257,3.0549999999999784,1.22
715,95.52400000000002,0.0,0.0
716,89.71300000000001,0.0,0.0
717,84.279,0.0,0.0
718,75.686,4.313999999999993,1.73
719,71.656,12.657999999999987,5.06
720,66.248,26.409999999999982,10.56
721,60.203,46.20699999999998,18.48
722,63.7,42.50699999999998,17.0
723,74.633,27.87399999999998,11.15
724,76.54400000000001,31.32999999999997,12.53
725,81.133,10.196999999999974,4.08
726,88.99799999999999,1.1989999999999839,0.48
727,96.161,0.0,0.0
728,94.523,0.0,0.0
729,90.09,0.0,0.0
730,86.476,0.0,0.0
731,73.593,6.4069999999999965,2.56
732,72.384,14.022999999999996,5.61
733,60.424,33.599,13.44
734,70.525,23.073999999999984,9.23
735,71.006,32.067999999999984,12.83
736,75.76400000000001,16.303999999999974,6.52
737,85.85200000000002,10.451999999999956,4.18
738,94.9,0.0,0.0
739,95.173,0.0,0.0
740,82.095,0.0,0.0
741,78.702,1.2980000000000018,0.52
742,74.659,6.638999999999996,2.66
743,71.981,14.658000000000001,5.86
744,67.06700000000001,27.590999999999994,11.04
745,64.051,43.53999999999999,17.42
746,69.693,33.846999999999994,13.54
747,68.783,25.063999999999993,10.03
748,73.489,31.57499999999999,12.63
749,76.36200000000001,15.21299999999998,6.09
750,85.33200000000001,9.880999999999972,3.95
751,89.531,0.3499999999999659,0.14
752,92.82000000000001,0.0,0.0
753,97.24,0.0,0.0
754,82.01700000000001,0.0,0.0
755,87.672,0.0,0.0
756,72.722,7.278000000000006,2.91
757,67.795,19.483000000000004,7.79
758,63.154,36.329,14.53
759,71.89,24.439000000000007,9.78
760,72.527,31.912000000000006,12.76
761,82.498,9.414000000000001,3.77
762,98.38400000000001,0.0,0.0
763,90.844,0.0,0.0
764,93.75600000000001,0.0,0.0
765,80.95100000000001,0.0,0.0
766,76.96000000000001,3.039999999999992,1.22
767,78.793,4.246999999999986,1.7
768,62.595,21.651999999999987,8.66
769,73.944,27.707999999999984,11.08
770,71.721,35.98699999999998,14.39
771,69.537,26.449999999999974,10.58
772,78.35100000000001,28.09899999999996,11.24
773,85.64399999999999,22.45499999999997,8.98
774,91.351,11.10399999999997,4.44
775,88.686,2.4179999999999637,0.97
776,93.79500000000002,0.0,0.0
777,92.17000000000002,0.0,0.0
778,85.423,0.0,0.0
779,79.833,0.1670000000000016,0.07
780,71.48700000000001,8.679999999999993,3.47
781,61.867000000000004,26.812999999999988,10.73
782,67.99,38.82299999999999,15.53
783,71.552,27.270999999999987,10.91
784,76.947,30.323999999999984,12.13
785,86.229,4.094999999999985,1.64
786,91.65,0.0,0.0
787,93.015,0.0,0.0
788,88.99799999999999,0.0,0.0
789,77.20700000000001,2.792999999999992,1.12
790,78.78,4.012999999999991,1.61
791,72.696,11.316999999999993,4.53
792,66.105,25.21199999999999,10.08
793,61.893,43.31899999999999,17.33
794,64.74,38.57899999999999,15.43
795,75.84200000000001,22.73699999999998,9.09
796,75.72500000000001,27.011999999999972,10.8
797,84.513,22.498999999999967,9.0
798,89.03699999999999,13.461999999999975,5.38
799,94.926,0.0,0.0
800,100.29500000000002,0.0,0.0
801,91.117,0.0,0.0
802,86.086,0.0,0.0
803,75.608,4.391999999999996,1.76
804,69.108,15.283999999999992,6.11
805,65.858,29.425999999999988,11.77
806,67.379,42.04699999999998,16.82
807,67.301,34.74599999999998,13.9
808,79.664,15.08199999999998,6.03
809,78.533,16.548999999999978,6.62
810,87.672,8.876999999999981,3.55
811,89.505,0.0,0.0
812,94.91300000000001,0.0,0.0
813,84.461,0.0,0.0
814,81.12,0.0,0.0
815,66.09200000000001,13.907999999999987,5.56
816,66.079,27.828999999999994,11.13
817,70.343,37.48599999999999,14.99
818,69.277,28.20899999999999,11.28
819,75.881,32.32799999999999,12.93
820,73.866,18.46199999999999,7.38
821,87.347,11.114999999999995,4.45
822,97.89,0.0,0.0
823,93.39200000000001,0.0,0.0
824,94.887,0.0,0.0
825,98.8,0.0,0.0
826,91.87100000000001,0.0,0.0
827,75.374,4.626000000000005,1.85
828,69.16000000000001,15.465999999999994,6.19
829,65.97500000000001,29.490999999999985,11.8
830,61.269000000000005,48.22199999999998,19.29
831,65.58500000000001,42.63699999999997,17.05
832,70.85000000000001,31.786999999999964,12.71
833,79.027,12.759999999999962,5.1
834,88.27000000000001,4.489999999999952,1.8
835,92.13100000000001,0.0,0.0
836,95.31599999999999,0.0,0.0
837,79.79400000000001,0.20599999999998886,0.08
838,80.938,0.0,0.0
839,71.045,8.954999999999998,3.58
840,64.84400000000001,24.11099999999999,9.64
841,69.511,34.599999999999994,13.84
842,64.584,30.01599999999999,12.01
843,73.21600000000001,16.799999999999983,6.72
844,76.531,20.268999999999977,8.11
845,83.772,16.49699999999997,6.6
846,90.051,6.4459999999999695,2.58
847,104.37700000000001,0.0,0.0
848,94.146,0.0,0.0
849,91.065,0.0,0.0
850,83.291,0.0,0.0
851,75.244,4.756,1.9
852,68.315,16.441000000000003,6.58
853,71.708,24.733000000000004,9.89
854,72.046,32.687,13.07
855,66.93700000000001,25.749999999999986,10.3
856,71.52600000000001,34.223999999999975,13.69
857,83.85000000000001,10.373999999999967,4.15
858,86.255,4.118999999999971,1.65
859,93.69099999999999,0.0,0.0
860,90.06400000000001,0.0,0.0
861,77.779,2.2210000000000036,0.89
862,83.135,0.0,0.0
863,78.884,1.1159999999999997,0.45
864,62.647,18.469,7.39
865,65.364,33.10499999999999,13.24
866,70.07000000000001,23.034999999999982,9.21
867,73.034,30.000999999999976,12.0
868,78.44200000000001,11.558999999999969,4.62
869,89.687,1.8719999999999715,0.75
870,88.244,0.0,0.0
871,91.68900000000001,0.0,0.0
872,91.247,0.0,0.0
873,90.28500000000001,0.0,0.0
874,85.59200000000001,0.0,0.0
875,84.409,0.0,0.0
876,68.783,11.216999999999999,4.49
877,67.938,23.278999999999996,9.31
878,66.443,36.836,14.73
879,73.801,23.034999999999997,9.21
880,84.617,18.417999999999992,7.37
881,79.95,18.46799999999999,7.39
882,86.489,11.978999999999985,4.79
883,95.29,0.0,0.0
884,91.936,0.0,0.0
885,90.896,0.0,0.0
886,79.378,0.6219999999999999,0.25
887,70.486,10.135999999999996,4.05
888,67.35300000000001,22.782999999999987,9.11
889,71.20100000000001,31.58199999999998,12.63
890,72.163,19.418999999999983,7.77
891,73.71000000000001,25.708999999999975,10.28
892,80.041,25.667999999999978,10.27
893,86.411,19.256999999999977,7.7
894,94.315,4.941999999999979,1.98
895,97.331,0.0,0.0
896,95.979,0.0,0.0
897,93.70400000000001,0.0,0.0
898,90.42800000000001,0.0,0.0
899,74.23,5.769999999999996,2.31
900,72.241,13.528999999999996,5.41
901,65.533,27.995999999999995,11.2
902,66.625,41.370999999999995,16.55
903,74.152,27.218999999999994,10.89
904,75.51700000000001,31.701999999999984,12.68
905,82.199,9.502999999999986,3.8
906,83.096,6.406999999999982,2.56
907,94.133,0.0,0.0
908,91.793,0.0,0.0
909,92.13100000000001,0.0,0.0
910,75.907,4.0930000000000035,1.64
911,72.735,11.358000000000004,4.54
912,66.01400000000001,25.343999999999994,10.14
913,73.034,32.30999999999999,12.92
914,68.588,23.721999999999994,9.49
915,72.813,30.908999999999992,12.36
916,78.247,12.661999999999992,5.06
917,82.57600000000001,10.085999999999984,4.03
918,87.19099999999999,2.894999999999996,1.16
919,95.56300000000002,0.0,0.0
920,100.815,0.0,0.0
921,89.128,0.0,0.0
922,86.229,0.0,0.0
923,74.685,5.314999999999998,2.13
924,75.452,9.863,3.95
925,61.126000000000005,28.736999999999995,11.49
926,64.324,44.413,17.77
927,70.629,33.78399999999999,13.51
928,80.873,12.910999999999987,5.16
929,81.757,11.153999999999982,4.46
930,86.242,4.911999999999978,1.96
931,98.55300000000001,0.0,0.0
932,83.629,0.0,0.0
933,75.114,4.885999999999996,1.95
934,78.819,6.066999999999993,2.43
935,69.927,16.139999999999986,6.46
936,61.061,35.078999999999986,14.03
937,69.641,25.437999999999974,10.18
938,69.914,35.52399999999997,14.21
939,69.524,25.99999999999997,10.4
940,70.88900000000001,35.11099999999996,14.04
941,85.254,9.856999999999957,3.94
942,91.468,0.0,0.0
943,94.419,0.0,0.0
944,103.831,0.0,0.0
945,88.95900000000002,0.0,0.0
946,79.768,0.23199999999999932,0.09
947,74.711,5.521000000000001,2.21
948,70.616,14.905000000000001,5.96
949,68.016,26.888999999999996,10.76
950,65.572,41.31699999999999,16.53
951,70.538,30.778999999999996,12.31
952,69.888,20.89099999999999,8.36
953,87.646,13.24499999999999,5.3
954,88.08800000000001,5.156999999999982,2.06
955,95.576,0.0,0.0
956,90.61000000000001,0.0,0.0
957,85.47500000000001,0.0,0.0
958,79.32600000000001,0.6739999999999924,0.27
959,73.632,7.041999999999987,2.82
960,67.548,19.493999999999986,7.8
961,72.059,27.434999999999988,10.97
962,69.732,37.70299999999999,15.08
963,74.49,23.212999999999994,9.29
964,75.53,27.682999999999993,11.07
965,87.464,20.218999999999994,8.09
966,86.294,13.924999999999997,5.57
967,101.82900000000001,0.0,0.0
968,96.473,0.0,0.0
969,87.55499999999999,0.0,0.0
970,86.216,0.0,0.0
971,74.75,5.25,2.1
972,74.074,11.176000000000002,4.47
973,64.519,26.656999999999996,10.66
974,64.766,41.89099999999999,16.76
975,61.789,40.10199999999999,16.04
976,73.008,27.093999999999994,10.84
977,72.566,34.52799999999999,13.81
978,82.22500000000001,12.302999999999983,4.92
979,94.185,0.0,0.0
980,92.339,0.0,0.0
981,85.34500000000001,0.0,0.0
982,73.333,6.667000000000002,2.67
983,71.69500000000001,14.971999999999994,5.99
984,65.02600000000001,29.945999999999984,11.98
985,62.361,47.58499999999999,19.03
986,74.828,32.75699999999998,13.1
987,75.153,17.60399999999997,7.04
988,75.02300000000001,22.58099999999996,9.03
989,81.952,20.628999999999962,8.25
990,89.739,10.889999999999958,4.36
991,86.84,4.0499999999999545,1.62
992,95.667,0.0,0.0
993,90.46700000000001,0.0,0.0
994,81.809,0.0,0.0
995,76.31,3.6899999999999977,1.48
996,77.805,5.884999999999991,2.35
997,69.563,16.32199999999999,6.53
998,64.28500000000001,32.03699999999998,12.81
999,71.396,20.640999999999977,8.26
1000,80.223,20.417999999999978,8.17
1001,85.61800000000001,14.799999999999969,5.92
1002,88.63400000000001,6.165999999999954,2.47
1003,88.69900000000001,0.0,0.0
1004,92.001,0.0,0.0
1005,85.22800000000001,0.0,0.0
1006,80.587,0.0,0.0
1007,74.36,5.640000000000001,2.26
1008,69.134,16.506,6.6
1009,64.792,31.714,12.69
1010,74.10000000000001,17.61399999999999,7.05
1011,72.501,25.112999999999985,10.05
1012,83.96700000000001,21.145999999999972,8.46
1013,79.157,21.988999999999976,8.8
1014,95.693,6.295999999999978,2.52
1015,95.576,0.0,0.0
1016,94.094,0.0,0.0
1017,91.247,0.0,0.0
1018,84.461,0.0,0.0
1019,79.066,0.9339999999999975,0.37
1020,72.839,8.094999999999999,3.24
1021,64.831,23.263999999999996,9.31
1022,66.417,36.846999999999994,14.74
1023,77.519,19.32799999999999,7.73
1024,81.497,17.83099999999999,7.13
1025,83.72000000000001,14.110999999999976,5.64
1026,88.55600000000001,5.554999999999964,2.22
1027,91.68900000000001,0.0,0.0
1028,91.66300000000001,0.0,0.0
1029,79.703,0.29699999999999704,0.12
1030,76.102,4.194999999999993,1.68
1031,65.377,18.817999999999998,7.53
1032,66.599,32.218999999999994,12.89
1033,69.394,22.82499999999999,9.13
1034,67.08,35.74499999999999,14.3
1035,77.87,17.874999999999986,7.15
1036,71.097,26.77799999999999,10.71
1037,76.141,30.636999999999986,12.25
1038,89.804,0.8329999999999842,0.33
1039,98.89099999999999,0.0,0.0
1040,103.194,0.0,0.0
1041,91.33800000000001,0.0,0.0
1042,89.921,0.0,0.0
1043,77.259,2.7409999999999997,1.1
1044,70.122,12.619,5.05
1045,70.512,22.107,8.84
1046,69.056,33.051,13.22
1047,63.011,30.04,12.02
1048,80.522,9.517999999999986,3.81
1049,87.39900000000002,2.1189999999999714,0.85
1050,85.969,0.0,0.0
1051,92.768,0.0,0.0
1052,91.19500000000001,0.0,0.0
1053,84.708,0.0,0.0
1054,74.958,5.042000000000002,2.02
1055,69.26400000000001,15.777999999999992,6.31
1056,64.94800000000001,30.829999999999984,12.33
1057,71.44800000000001,19.381999999999977,7.75
1058,71.084,28.297999999999973,11.32
1059,70.291,38.00699999999998,15.2
1060,78.884,19.122999999999976,7.65
1061,70.74600000000001,28.376999999999967,11.35
1062,93.405,14.971999999999966,5.99
1063,88.023,6.94899999999997,2.78
1064,95.212,0.0,0.0
1065,88.76400000000001,0.0,0.0
1066,80.66499999999999,0.0,0.0
1067,81.93900000000001,0.0,0.0
1068,68.97800000000001,11.021999999999991,4.41
1069,68.41900000000001,22.60299999999998,9.04
1070,66.32600000000001,36.27699999999997,14.51
1071,71.019,25.257999999999967,10.1
1072,75.06200000000001,30.195999999999955,12.08
1073,77.012,13.183999999999955,5.27
1074,92.28699999999999,0.8969999999999629,0.36
1075,89.297,0.0,0.0
1076,83.2,0.0,0.0
1077,82.01700000000001,0.0,0.0
1078,82.953,0.0,0.0
1079,75.205,4.795000000000002,1.92
1080,63.687000000000005,21.107999999999997,8.44
1081,65.52,35.58800000000001,14.24
1082,67.704,27.884000000000015,11.15
1083,79.833,28.051000000000016,11.22
1084,77.363,30.688000000000017,12.28
1085,83.525,7.163000000000011,2.87
1086,92.95,0.0,0.0
1087,95.732,0.0,0.0
1088,95.615,0.0,0.0
1089,92.365,0.0,0.0
1090,85.436,0.0,0.0
1091,77.259,2.7409999999999997,1.1
1092,73.632,9.108999999999995,3.64
1093,67.275,21.83399999999999,8.73
1094,69.368,32.465999999999994,12.99
1095,68.848,23.617999999999995,9.45
1096,75.075,28.542999999999992,11.42
1097,74.23,34.31299999999999,13.73
1098,91.97500000000001,2.3379999999999797,0.94
1099,92.573,0.0,0.0
1100,93.171,0.0,0.0
1101,72.397,7.602999999999994,3.04
1102,85.241,2.3619999999999948,0.94
1103,71.34400000000001,11.017999999999986,4.41
1104,69.368,21.64999999999999,8.66
1105,62.816,38.83399999999999,15.53
1106,71.34400000000001,27.48999999999998,11.0
1107,67.626,39.863999999999976,15.95
1108,73.45,26.413999999999973,10.57
1109,89.31,17.10399999999997,6.84
1110,88.179,8.924999999999969,3.57
1111,95.654,0.0,0.0
1112,100.022,0.0,0.0
1113,95.069,0.0,0.0
1114,86.307,0.0,0.0
1115,78.83200000000001,1.1679999999999922,0.47
1116,80.171,0.9969999999999857,0.4
1117,66.846,14.150999999999982,5.66
1118,67.288,26.862999999999985,10.75
1119,73.268,33.594999999999985,13.44
1120,79.079,14.515999999999991,5.81
1121,86.64500000000001,7.870999999999981,3.15
1122,90.896,0.0,0.0
1123,86.762,0.0,0.0
1124,95.64099999999999,0.0,0.0
1125,79.222,0.7780000000000058,0.31
1126,78.286,2.4920000000000044,1.0
1127,68.93900000000001,13.552999999999997,5.42
1128,64.792,28.760999999999996,11.5
1129,68.159,40.60199999999999,16.24
1130,70.213,30.388999999999996,12.16
1131,73.372,17.016999999999996,6.81
1132,82.173,14.843999999999994,5.94
1133,83.616,11.227999999999994,4.49
1134,87.971,3.256999999999991,1.3
1135,98.56599999999999,0.0,0.0
1136,101.27000000000001,0.0,0.0
1137,88.348,0.0,0.0
1138,88.049,0.0,0.0
1139,80.145,0.0,0.0
1140,69.641,10.358999999999995,4.14
1141,72.436,17.922999999999988,7.17
1142,65.923,31.999999999999986,12.8
1143,69.654,22.34599999999999,8.94
1144,74.087,28.258999999999986,11.3
1145,82.08200000000001,26.17699999999998,10.47
1146,84.12299999999999,22.053999999999988,8.82
1147,85.60499999999999,16.448999999999998,6.58
1148,95.48500000000001,0.9639999999999844,0.39
1149,80.39200000000001,0.5719999999999743,0.23
1150,73.229,7.342999999999975,2.94
1151,63.492000000000004,23.85099999999997,9.54
1152,62.556,41.29499999999997,16.52
1153,61.711,39.583999999999975,15.83
1154,75.361,24.22299999999997,9.69
1155,75.673,28.54999999999997,11.42
1156,73.19,35.35999999999997,14.14
1157,90.636,4.723999999999975,1.89
1158,92.755,0.0,0.0
1159,93.53500000000001,0.0,0.0
1160,86.879,0.0,0.0
1161,102.06300000000002,0.0,0.0
1162,80.301,0.0,0.0
1163,70.993,9.007000000000005,3.6
1164,74.789,14.218000000000004,5.69
1165,76.583,17.635000000000005,7.05
1166,71.903,25.732,10.29
1167,71.37,34.361999999999995,13.74
1168,77.09,17.27199999999999,6.91
1169,85.34500000000001,11.926999999999978,4.77
1170,91.364,0.562999999999974,0.23
1171,92.31300000000002,0.0,0.0
1172,89.674,0.0,0.0
1173,83.447,0.0,0.0
1174,74.16499999999999,5.835000000000008,2.33
1175,70.78500000000001,15.049999999999997,6.02
1176,58.435,36.614999999999995,14.65
1177,66.495,30.11999999999999,12.05
1178,65.104,25.01599999999999,10.01
1179,67.431,37.584999999999994,15.03
1180,76.583,21.001999999999995,8.4
1181,87.28200000000001,13.719999999999985,5.49
1182,92.508,1.211999999999989,0.48
1183,88.686,0.0,0.0
1184,92.768,0.0,0.0
1185,96.798,0.0,0.0
1186,81.887,0.0,0.0
1187,76.531,3.468999999999994,1.39
1188,72.943,10.525999999999996,4.21
1189,63.297,27.229,10.89
1190,66.92399999999999,40.30500000000001,16.12
1191,63.96000000000001,36.345,14.54
1192,72.423,23.921999999999997,9.57
1193,83.265,20.656999999999996,8.26
1194,82.186,18.47099999999999,7.39
1195,92.937,5.533999999999992,2.21
1196,89.193,0.0,0.0
1197,85.85200000000002,0.0,0.0
1198,77.974,2.0259999999999962,0.81
1199,77.20700000000001,4.818999999999988,1.93
1200,65.533,19.285999999999987,7.71
1201,65.19500000000001,34.09099999999998,13.64
1202,69.43299999999999,24.657999999999987,9.86
1203,73.85300000000001,30.80499999999998,12.32
1204,76.063,14.741999999999976,5.9
1205,82.004,12.737999999999971,5.1
1206,86.19,6.547999999999973,2.62
1207,92.222,0.0,0.0
1208,91.156,0.0,0.0
1209,99.95700000000001,0.0,0.0
1210,80.86,0.0,0.0
1211,74.711,5.2890000000000015,2.12
1212,67.99,17.299000000000007,6.92
1213,70.56400000000001,26.735,10.69
1214,65.35100000000001,41.383999999999986,16.55
1215,74.03500000000001,27.348999999999975,10.94
1216,72.137,35.211999999999975,14.08
1217,83.10900000000001,12.102999999999966,4.84
1218,85.15,6.95299999999996,2.78
1219,99.593,0.0,0.0
1220,84.643,0.0,0.0
1221,84.903,0.0,0.0
1222,79.57300000000001,0.4269999999999925,0.17
1223,73.502,6.924999999999997,2.77
1224,64.324,22.601,9.04
1225,66.365,36.236000000000004,14.49
1226,69.134,27.102000000000004,10.84
1227,71.162,35.94,14.38
1228,79.638,16.301999999999992,6.52
1229,90.46700000000001,5.8349999999999795,2.33
1230,86.74900000000001,0.0,0.0
1231,89.466,0.0,0.0
1232,96.291,0.0,0.0
1233,103.194,0.0,0.0
1234,82.57600000000001,0.0,0.0
1235,83.798,0.0,0.0
1236,77.337,2.6629999999999967,1.07
1237,64.909,17.75399999999999,7.1
1238,68.731,29.022999999999996,11.61
1239,75.51700000000001,33.505999999999986,13.4
1240,73.281,20.22499999999998,8.09
1241,81.224,19.000999999999976,7.6
1242,86.138,12.862999999999971,5.15
1243,87.26899999999999,5.59399999999998,2.24
1244,86.736,0.0,0.0
1245,78.923,1.0769999999999982,0.43
1246,77.233,3.843999999999994,1.54
1247,68.887,14.956999999999994,5.98
1248,65.949,29.007999999999996,11.6
1249,60.814,48.193999999999996,19.28
1250,70.252,37.94199999999999,15.18
1251,74.98400000000001,22.957999999999984,9.18
1252,68.107,34.850999999999985,13.94
1253,83.304,11.546999999999983,4.62
1254,93.71700000000001,0.0,0.0
1255,90.09,0.0,0.0
1256,103.155,0.0,0.0
1257,94.77000000000001,0.0,0.0
1258,82.96600000000001,0.0,0.0
1259,77.194,2.8059999999999974,1.12
1260,72.96900000000001,9.836999999999989,3.93
1261,67.366,22.47099999999999,8.99
1262,68.614,33.856999999999985,13.54
1263,65.572,28.284999999999982,11.31
1264,75.426,32.85899999999998,13.14
1265,76.50500000000001,16.35399999999997,6.54
1266,87.971,8.382999999999967,3.35
1267,87.698,0.6849999999999739,0.27
1268,86.398,0.0,0.0
1269,88.51700000000001,0.0,0.0
1270,81.354,0.0,0.0
1271,74.256,5.744,2.3
1272,60.788,24.956000000000003,9.98
1273,65.637,39.319,15.73
1274,73.697,25.622,10.25
1275,72.28,33.342,13.34
1276,84.929,8.412999999999997,3.37
1277,83.382,5.030999999999992,2.01
1278,89.674,0.0,0.0
1279,93.60000000000001,0.0,0.0
1280,97.14900000000002,0.0,0.0
1281,92.534,0.0,0.0
1282,88.47800000000001,0.0,0.0
1283,81.146,0.0,0.0
1284,67.73,12.269999999999996,4.91
1285,61.88,30.389999999999993,12.16
1286,59.345,31.044999999999987,12.42
1287,71.149,19.895999999999987,7.96
1288,70.46000000000001,29.43599999999998,11.77
1289,73.619,35.81699999999998,14.33
1290,89.921,5.895999999999972,2.36
1291,100.94500000000001,0.0,0.0
1292,89.245,0.0,0.0
1293,86.95700000000001,0.0,0.0
1294,77.41499999999999,2.585000000000008,1.03
1295,71.5,11.085000000000008,4.43
1296,68.627,22.458000000000013,8.98
1297,65.741,36.71700000000001,14.69
1298,70.00500000000001,26.712000000000003,10.68
1299,72.982,33.730000000000004,13.49
1300,73.268,20.462000000000003,8.18
1301,85.722,14.740000000000009,5.9
1302,88.244,6.496000000000009,2.6
1303,91.858,0.0,0.0
1304,98.722,0.0,0.0
1305,89.622,0.0,0.0
1306,85.826,0.0,0.0
1307,77.376,2.6239999999999952,1.05
1308,75.036,7.587999999999994,3.04
1309,68.926,18.661999999999992,7.46
1310,66.404,32.257999999999996,12.9
1311,72.358,19.89999999999999,7.96
1312,80.184,19.715999999999994,7.89
1313,84.18800000000002,15.527999999999977,6.21
1314,88.43900000000001,7.08899999999997,2.84
1315,86.099,0.9899999999999665,0.4
1316,85.12400000000001,0.0,0.0
1317,82.498,0.0,0.0
1318,74.724,5.275999999999996,2.11
1319,71.149,14.126999999999995,5.65
1320,65.26,28.86699999999999,11.55
1321,68.93900000000001,39.92799999999998,15.97
1322,68.679,31.24899999999998,12.5
1323,73.632,17.616999999999976,7.05
1324,76.128,21.488999999999976,8.6
1325,74.13900000000001,27.349999999999966,10.94
1326,85.26700000000001,22.082999999999956,8.83
1327,94.237,7.845999999999961,3.14
1328,91.91000000000001,0.0,0.0
1329,95.472,0.0,0.0
1330,91.68900000000001,0.0,0.0
1331,82.16000000000001,0.0,0.0
1332,69.96600000000001,10.033999999999992,4.01
1333,72.878,17.15599999999999,6.86
1334,67.093,30.062999999999988,12.03
1335,67.847,22.215999999999994,8.89
1336,72.37100000000001,29.844999999999985,11.94
1337,80.834,29.01099999999998,11.6
1338,86.89200000000001,22.11899999999997,8.85
1339,91.88400000000001,10.234999999999957,4.09
1340,89.89500000000001,0.33999999999994657,0.14
1341,83.70700000000001,0.0,0.0
1342,78.806,1.1940000000000026,0.48
1343,76.531,4.662999999999997,1.87
1344,68.744,15.918999999999997,6.37
1345,61.087,34.831999999999994,13.93
1346,58.99400000000001,35.83799999999999,14.34
1347,75.374,20.464,8.19
1348,70.551,29.912999999999997,11.97
1349,80.977,28.935999999999993,11.57
1350,84.37,24.56599999999999,9.83
1351,87.776,16.789999999999992,6.72
1352,98.74799999999999,0.0,0.0
1353,96.096,0.0,0.0
1354,83.473,0.0,0.0
1355,67.301,12.698999999999998,5.08
1356,68.666,24.033,9.61
1357,68.60100000000001,35.43199999999999,14.17
1358,60.736,34.69599999999999,13.88
1359,69.875,24.820999999999998,9.93
1360,74.711,30.11,12.04
1361,84.279,5.831000000000003,2.33
1362,88.86800000000001,0.0,0.0
1363,87.425,0.0,0.0
1364,93.93800000000002,0.0,0.0
1365,83.07000000000001,0.0,0.0
1366,76.999,3.0010000000000048,1.2
1367,68.25,14.751000000000005,5.9
1368,63.31000000000001,31.440999999999995,12.58
1369,63.427,28.014000000000003,11.21
1370,68.289,39.72500000000001,15.89
1371,78.403,21.322000000000003,8.53
1372,70.525,30.796999999999997,12.32
1373,75.556,15.241,6.1
1374,94.666,0.5750000000000028,0.23
1375,93.99,0.0,0.0
1376,94.01599999999999,0.0,0.0
1377,97.18800000000002,0.0,0.0
1378,83.35600000000001,0.0,0.0
1379,84.526,0.0,0.0
1380,73.43700000000001,6.562999999999988,2.63
1381,65.16900000000001,21.393999999999977,8.56
1382,74.91900000000001,26.474999999999966,10.59
1383,66.807,39.667999999999964,15.87
1384,77.662,22.005999999999958,8.8
1385,83.18700000000001,18.818999999999946,7.53
1386,93.483,5.335999999999942,2.13
1387,97.318,0.0,0.0
1388,89.401,0.0,0.0
1389,80.756,0.0,0.0
1390,78.897,1.1029999999999944,0.44
1391,69.238,11.864999999999995,4.75
1392,72.891,18.97399999999999,7.59
1393,67.405,31.56899999999999,12.63
1394,67.53500000000001,24.033999999999978,9.61
1395,72.449,31.58499999999998,12.63
1396,70.629,20.955999999999975,8.38
1397,78.065,22.890999999999977,9.16
1398,93.61300000000001,9.277999999999963,3.71
1399,92.24799999999999,0.0,0.0
1400,92.547,0.0,0.0
1401,95.22500000000001,0.0,0.0
1402,90.337,0.0,0.0
1403,80.21000000000001,0.0,0.0
1404,74.685,5.314999999999998,2.13
1405,64.116,21.198999999999998,8.48
1406,60.957,40.242,16.1
1407,75.02300000000001,25.21899999999998,10.09
1408,73.502,31.716999999999985,12.69
1409,81.042,10.674999999999983,4.27
1410,93.587,0.0,0.0
1411,93.39200000000001,0.0,0.0
1412,91.052,0.0,0.0
1413,92.13100000000001,0.0,0.0
1414,74.59400000000001,5.405999999999992,2.16
1415,75.504,9.901999999999987,3.96
1416,65.26,24.64199999999998,9.86
1417,67.925,36.716999999999985,14.69
1418,74.91900000000001,21.797999999999973,8.72
1419,73.71000000000001,28.087999999999965,11.24
1420,77.974,30.11399999999996,12.05
1421,86.034,4.079999999999956,1.63
1422,87.503,0.0,0.0
1423,91.533,0.0,0.0
1424,92.56,0.0,0.0
1425,85.462,0.0,0.0
1426,93.72999999999999,0.0,0.0
1427,73.11200000000001,6.887999999999991,2.76
1428,69.94,16.947999999999993,6.78
1429,65.988,30.959999999999994,12.38
1430,67.704,23.256,9.3
1431,72.345,30.911,12.36
1432,78.117,12.793999999999997,5.12
1433,79.742,13.051999999999992,5.22
1434,87.75,5.3019999999999925,2.12
1435,92.326,0.0,0.0
1436,88.296,0.0,0.0
1437,89.96000000000001,0.0,0.0
1438,79.01400000000001,0.98599999999999,0.39
1439,74.75,6.23599999999999,2.49
1440,67.626,18.609999999999985,7.44
1441,71.44800000000001,27.161999999999978,10.86
1442,69.667,37.494999999999976,15.0
1443,66.677,30.81799999999997,12.33
1444,77.441,13.376999999999967,5.35
1445,79.313,14.063999999999965,5.63
1446,86.866,7.197999999999965,2.88
1447,97.097,0.0,0.0
1448,101.465,0.0,0.0
1449,93.21000000000001,0.0,0.0
1450,86.918,0.0,0.0
1451,84.04500000000002,0.0,0.0
1452,71.73400000000001,8.265999999999991,3.31
1453,77.22,11.045999999999992,4.42
1454,68.718,22.32799999999999,8.93
1455,62.29600000000001,40.03199999999998,16.01
1456,77.70100000000001,22.330999999999975,8.93
1457,83.49900000000001,18.831999999999965,7.53
1458,93.43100000000001,5.400999999999954,2.16
1459,93.847,0.0,0.0
1460,88.73800000000001,0.0,0.0
1461,78.91000000000001,1.0899999999999892,0.44
1462,76.284,4.805999999999983,1.92
1463,68.56200000000001,16.24399999999997,6.5
1464,62.777,33.46699999999997,13.39
1465,69.173,24.29399999999997,9.72
1466,75.47800000000001,28.81599999999996,11.53
1467,73.268,35.54799999999996,14.22
1468,71.214,24.33399999999996,9.73
1469,83.57700000000001,20.756999999999948,8.3
1470,93.60000000000001,7.15699999999994,2.86
1471,92.42999999999999,0.0,0.0
1472,96.10900000000001,0.0,0.0
1473,93.18400000000001,0.0,0.0
1474,82.654,0.0,0.0
1475,79.93700000000001,0.06299999999998818,0.03
1476,70.33,9.73299999999999,3.89
1477,68.705,21.02799999999999,8.41
1478,63.050000000000004,37.97799999999999,15.19
1479,67.45700000000001,30.520999999999972,12.21
1480,77.584,12.93699999999997,5.17
1481,80.561,12.375999999999962,4.95
1482,95.13400000000001,0.0,0.0
1483,89.661,0.0,0.0
1484,90.155,0.0,0.0
1485,87.33400000000002,0.0,0.0
1486,71.565,8.435000000000002,3.37
1487,65.013,23.421999999999997,9.37
1488,59.098000000000006,44.32399999999999,17.73
1489,71.79899999999999,32.52499999999999,13.01
1490,66.807,25.71799999999999,10.29
1491,81.705,24.01299999999999,9.61
1492,73.684,30.328999999999994,12.13
1493,82.563,7.765999999999991,3.11
1494,94.93900000000001,0.0,0.0
1495,102.622,0.0,0.0
1496,104.676,0.0,0.0
1497,97.83800000000001,0.0,0.0
1498,89.71300000000001,0.0,0.0
1499,79.71600000000001,0.2839999999999918,0.11
1500,73.827,6.456999999999994,2.58
1501,64.922,21.534999999999997,8.61
1502,63.31000000000001,38.22499999999999,15.29
1503,69.147,29.07799999999999,11.63
1504,74.10000000000001,34.97799999999998,13.99
1505,80.249,14.728999999999985,5.89
1506,91.117,3.6119999999999806,1.44
1507,94.95200000000001,0.0,0.0
1508,89.622,0.0,0.0
1509,89.453,0.0,0.0
1510,72.644,7.3559999999999945,2.94
1511,71.123,16.23299999999999,6.49
1512,62.24400000000001,33.98899999999998,13.6
1513,59.592000000000006,34.39699999999997,13.76
1514,68.64,25.756999999999962,10.3
1515,71.253,34.50399999999996,13.8
1516,81.783,12.720999999999961,5.09
1517,84.30499999999999,8.415999999999968,3.37
1518,84.929,3.4869999999999663,1.39
1519,102.03699999999999,0.0,0.0
1520,101.387,0.0,0.0
1521,95.39399999999999,0.0,0.0
1522,84.83800000000001,0.0,0.0
1523,73.671,6.3289999999999935,2.53
1524,69.34200000000001,16.98699999999998,6.79
1525,71.318,25.668999999999983,10.27
1526,73.85300000000001,31.815999999999974,12.73
1527,75.179,16.636999999999972,6.65
1528,72.865,23.771999999999977,9.51
1529,77.649,26.122999999999976,10.45
1530,88.94600000000001,17.176999999999964,6.87
1531,84.331,12.845999999999961,5.14
1532,90.53200000000001,2.3139999999999503,0.93
1533,83.10900000000001,0.0,0.0
1534,75.283,4.716999999999999,1.89
1535,65.663,19.054000000000002,7.62
1536,67.041,32.013000000000005,12.81
1537,64.792,27.221000000000004,10.89
1538,64.402,42.819,17.13
1539,60.528000000000006,42.291,16.92
1540,75.777,26.513999999999996,10.61
1541,88.76400000000001,17.749999999999986,7.1
1542,95.40700000000001,2.342999999999975,0.94
1543,93.028,0.0,0.0
1544,94.276,0.0,0.0
1545,94.95200000000001,0.0,0.0
1546,81.822,0.0,0.0
1547,78.58500000000001,1.414999999999992,0.57
1548,73.788,7.626999999999995,3.05
1549,71.85100000000001,15.775999999999982,6.31
1550,66.118,29.657999999999987,11.86
1551,68.367,41.29099999999998,16.52
1552,71.34400000000001,29.946999999999974,11.98
1553,78.793,31.153999999999968,12.46
1554,87.51599999999999,3.637999999999977,1.46
1555,92.651,0.0,0.0
1556,92.833,0.0,0.0
1557,80.561,0.0,0.0
1558,82.927,0.0,0.0
1559,70.824,9.176000000000002,3.67
1560,64.961,24.215000000000003,9.69
1561,63.96000000000001,40.254999999999995,16.1
1562,59.501000000000005,40.75399999999999,16.3
1563,75.179,25.57499999999999,10.23
1564,78.754,26.820999999999984,10.73
1565,80.756,26.064999999999984,10.43
1566,89.193,16.871999999999986,6.75
1567,96.811,0.06099999999997863,0.02
1568,90.53200000000001,0.0,0.0
1569,91.065,0.0,0.0
1570,88.81599999999999,0.0,0.0
1571,72.51400000000001,7.48599999999999,2.99
1572,71.94200000000001,15.543999999999983,6.22
1573,61.776,33.76799999999998,13.51
1574,68.328,25.43999999999997,10.18
1575,69.03,36.40999999999997,14.56
1576,68.471,27.938999999999965,11.18
1577,86.554,21.384999999999962,8.55
1578,85.54,15.844999999999956,6.34
1579,88.062,7.782999999999959,3.11
1580,90.051,0.0,0.0
1581,88.166,0.0,0.0
1582,73.138,6.861999999999995,2.74
1583,72.124,14.738,5.9
1584,66.71600000000001,28.02199999999999,11.21
1585,69.57600000000001,38.445999999999984,15.38
1586,69.654,28.791999999999987,11.52
1587,70.304,38.487999999999985,15.4
1588,72.657,25.83099999999999,10.33
1589,82.186,23.644999999999982,9.46
1590,84.747,18.897999999999982,7.56
1591,83.408,15.48999999999998,6.2
1592,98.33200000000001,0.0,0.0
1593,96.655,0.0,0.0
1594,76.50500000000001,3.4949999999999903,1.4
1595,73.47600000000001,10.018999999999977,4.01
1596,73.21600000000001,16.80299999999997,6.72
1597,75.088,21.714999999999975,8.69
1598,66.586,35.12899999999998,14.05
1599,66.32600000000001,28.80299999999997,11.52
1600,74.048,34.75499999999997,13.9
1601,87.37299999999999,7.381999999999977,2.95
1602,85.878,1.5039999999999765,0.6
1603,88.101,0.0,0.0
1604,87.386,0.0,0.0
1605,79.97600000000001,0.0239999999999867,0.01
1606,77.584,2.4399999999999835,0.98
1607,78.221,4.21899999999998,1.69
1608,66.3,17.918999999999983,7.17
1609,65.897,32.02199999999998,12.81
1610,67.821,24.20099999999998,9.68
1611,65.637,38.56399999999998,15.43
1612,79.32600000000001,19.23799999999997,7.7
1613,81.54899999999999,17.68899999999998,7.08
1614,88.218,9.470999999999975,3.79
1615,107.263,0.0,0.0
1616,97.799,0.0,0.0
1617,90.194,0.0,0.0
1618,84.05799999999999,0.0,0.0
1619,81.887,0.0,0.0
1620,71.24,8.760000000000005,3.5
1621,61.464000000000006,27.296,10.92
1622,70.096,37.19999999999999,14.88
1623,66.56,30.639999999999986,12.26
1624,82.069,8.570999999999984,3.43
1625,86.229,2.3419999999999845,0.94
1626,86.658,0.0,0.0
1627,96.21300000000001,0.0,0.0
1628,89.531,0.0,0.0
1629,87.022,0.0,0.0
1630,78.988,1.0120000000000005,0.4
1631,68.588,12.424000000000007,4.97
1632,62.53,29.894000000000005,11.96
1633,70.88900000000001,39.004999999999995,15.6
1634,67.652,31.352999999999994,12.54
1635,70.161,21.191999999999993,8.48
1636,72.15,29.041999999999987,11.62
1637,83.49900000000001,25.542999999999978,10.22
1638,96.96700000000001,8.575999999999965,3.43
1639,90.636,0.0,0.0
1640,96.72000000000001,0.0,0.0
1641,98.63100000000001,0.0,0.0
1642,85.41000000000001,0.0,0.0
1643,79.17,0.8299999999999983,0.33
1644,66.65100000000001,14.178999999999988,5.67
1645,68.744,25.434999999999988,10.17
1646,65.78,39.65499999999999,15.86
1647,73.008,26.64699999999999,10.66
1648,79.391,27.255999999999986,10.9
1649,92.11800000000001,15.137999999999977,6.06
1650,90.66199999999999,4.475999999999985,1.79
1651,92.495,0.0,0.0
1652,90.025,0.0,0.0
1653,82.316,0.0,0.0
1654,78.416,1.5840000000000032,0.63
1655,70.733,10.850999999999999,4.34
1656,65.702,25.149,10.06
1657,72.02,33.129000000000005,13.25
1658,65.039,28.090000000000003,11.24
1659,76.18,31.909999999999997,12.76
1660,81.016,10.893999999999991,4.36
1661,81.393,9.50099999999999,3.8
1662,80.652,8.84899999999999,3.54
1663,92.42999999999999,0.0,0.0
1664,101.686,0.0,0.0
1665,93.041,0.0,0.0
1666,81.822,0.0,0.0
1667,75.43900000000001,4.560999999999993,1.82
1668,74.074,10.486999999999995,4.19
1669,69.199,21.287999999999997,8.52
1670,65.572,35.715999999999994,14.29
1671,67.73,27.98599999999999,11.19
1672,73.242,34.743999999999986,13.9
1673,78.416,16.32799999999999,6.53
1674,94.705,1.6229999999999905,0.65
1675,89.96000000000001,0.0,0.0
1676,94.01599999999999,0.0,0.0
1677,89.622,0.0,0.0
1678,80.99,0.0,0.0
1679,70.2,9.799999999999997,3.92
1680,66.61200000000001,23.187999999999988,9.28
1681,66.781,36.40699999999998,14.56
1682,65.44200000000001,30.964999999999975,12.39
1683,72.995,17.96999999999997,7.19
1684,71.279,26.690999999999974,10.68
1685,86.476,20.214999999999975,8.09
1686,87.11300000000001,13.101999999999961,5.24
1687,95.589,0.0,0.0
1688,97.73400000000001,0.0,0.0
1689,92.11800000000001,0.0,0.0
1690,88.01,0.0,0.0
1691,75.556,4.444000000000003,1.78
1692,74.191,10.253,4.1
1693,61.815,28.438000000000002,11.38
1694,67.002,41.43600000000001,16.57
1695,76.72600000000001,24.709999999999994,9.88
1696,70.863,33.846999999999994,13.54
1697,79.378,14.468999999999994,5.79
1698,90.40200000000002,4.066999999999979,1.63
1699,91.923,0.0,0.0
1700,90.636,0.0,0.0
1701,85.60499999999999,0.0,0.0
1702,79.57300000000001,0.4269999999999925,0.17
1703,76.206,4.220999999999989,1.69
1704,66.638,17.582999999999984,7.03
1705,65.936,31.646999999999977,12.66
1706,71.578,20.068999999999974,8.03
1707,79.144,20.92499999999997,8.37
1708,75.361,25.563999999999965,10.23
1709,78.052,27.511999999999958,11.0
1710,93.24900000000001,14.262999999999948,5.71
1711,94.341,0.0,0.0
1712,88.153,0.0,0.0
1713,96.43400000000001,0.0,0.0
1714,83.629,0.0,0.0
1715,77.051,2.948999999999998,1.18
1716,72.098,10.850999999999999,4.34
1717,67.80799999999999,23.043000000000006,9.22
1718,69.277,33.766000000000005,13.51
1719,67.47,26.296000000000006,10.52
1720,76.765,29.531000000000006,11.81
1721,81.003,28.528000000000006,11.41
1722,91.286,17.242000000000004,6.9
1723,93.626,3.6159999999999997,1.45
1724,85.61800000000001,0.0,0.0
1725,87.932,0.0,0.0
1726,75.01,4.989999999999995,2.0
1727,75.036,9.953999999999994,3.98
1728,66.482,23.471999999999994,9.39
1729,74.048,29.423999999999992,11.77
1730,68.09400000000001,41.329999999999984,16.53
1731,70.369,30.960999999999984,12.38
1732,75.80300000000001,15.157999999999973,6.06
1733,80.66499999999999,14.49299999999998,5.8
1734,92.05300000000001,2.4399999999999693,0.98
1735,88.504,0.0,0.0
1736,92.521,0.0,0.0
1737,88.95900000000002,0.0,0.0
1738,89.427,0.0,0.0
1739,84.08400000000002,0.0,0.0
1740,70.395,9.605000000000004,3.84
1741,66.417,23.188000000000002,9.28
1742,66.781,36.407,14.56
1743,73.697,22.709999999999994,9.08
1744,71.149,31.560999999999993,12.62
1745,82.94,8.620999999999995,3.45
1746,92.20900000000002,0.0,0.0
1747,93.171,0.0,0.0
1748,90.012,0.0,0.0
1749,87.594,0.0,0.0
1750,66.56,13.439999999999998,5.38
1751,74.529,18.911,7.56
1752,62.491,36.42,14.57
1753,59.73500000000001,36.684999999999995,14.67
1754,70.954,25.73100000000001,10.29
1755,77.09,28.641000000000005,11.46
1756,75.348,33.293000000000006,13.32
1757,85.56599999999999,7.727000000000018,3.09
1758,95.212,0.0,0.0
1759,99.93100000000001,0.0,0.0
1760,103.025,0.0,0.0
1761,96.018,0.0,0.0
1762,86.008,0.0,0.0
1763,71.162,8.837999999999994,3.54
1764,69.836,19.001999999999995,7.6
1765,63.778000000000006,35.22399999999999,14.09
1766,74.971,20.252999999999986,8.1
1767,68.48400000000001,31.768999999999977,12.71
1768,75.244,16.524999999999977,6.61
1769,84.16199999999999,12.362999999999985,4.95
1770,88.569,3.7939999999999827,1.52
1771,97.83800000000001,0.0,0.0
1772,86.84,0.0,0.0
1773,84.448,0.0,0.0
1774,74.204,5.7960000000000065,2.32
1775,66.742,19.054000000000002,7.62
1776,62.660000000000004,36.394,14.56
1777,66.729,29.665000000000006,11.87
1778,67.288,42.37700000000001,16.95
1779,69.03,33.34700000000001,13.34
1780,70.395,22.952000000000012,9.18
1781,81.52300000000001,21.429000000000002,8.57
1782,83.057,18.372,7.35
1783,97.773,0.5990000000000038,0.24
1784,96.95400000000001,0.0,0.0
1785,87.451,0.0,0.0
1786,84.513,0.0,0.0
1787,74.477,5.522999999999996,2.21
1788,72.046,13.47699999999999,5.39
1789,72.293,21.183999999999983,8.47
1790,59.189,41.99499999999998,16.8
1791,69.615,32.37999999999998,12.95
1792,74.13900000000001,18.24099999999997,7.3
1793,84.63,13.610999999999976,5.44
1794,89.232,4.3789999999999765,1.75
1795,88.283,0.0,0.0
1796,88.023,0.0,0.0
1797,80.587,0.0,0.0
1798,81.302,0.0,0.0
1799,71.968,8.031999999999996,3.21
1800,72.462,15.569999999999993,6.23
1801,66.638,28.931999999999988,11.57
1802,66.196,42.73599999999999,17.09
1803,65.83200000000001,36.90399999999998,14.76
1804,68.848,28.055999999999983,11.22
1805,75.673,32.38299999999998,12.95
1806,89.973,2.4099999999999824,0.96
1807,96.78500000000001,0.0,0.0
1808,90.46700000000001,0.0,0.0
1809,96.616,0.0,0.0
1810,83.837,0.0,0.0
1811,77.98700000000001,2.012999999999991,0.81
1812,77.09,4.922999999999988,1.97
1813,70.56400000000001,14.35899999999998,5.74
1814,65.455,28.903999999999982,11.56
1815,65.68900000000001,43.214999999999975,17.29
1816,66.378,36.836999999999975,14.73
1817,79.209,17.62799999999997,7.05
1818,87.581,10.046999999999969,4.02
1819,87.37299999999999,2.673999999999978,1.07
1820,88.76400000000001,0.0,0.0
1821,83.99300000000001,0.0,0.0
1822,76.21900000000001,3.7809999999999917,1.51
1823,69.355,14.425999999999988,5.77
1824,65.702,28.72399999999999,11.49
1825,68.60100000000001,40.122999999999976,16.05
1826,64.714,35.40899999999998,14.16
1827,77.233,18.175999999999974,7.27
1828,75.491,22.684999999999974,9.07
1829,81.926,20.758999999999972,8.3
1830,91.68900000000001,9.069999999999965,3.63
1831,95.719,0.0,0.0
1832,100.347,0.0,0.0
1833,94.25,0.0,0.0
1834,83.33,0.0,0.0
1835,78.819,1.1809999999999974,0.47
1836,66.339,14.841999999999999,5.94
1837,67.49600000000001,27.34599999999999,10.94
1838,66.378,40.96799999999999,16.39
1839,68.354,32.61399999999999,13.05
1840,74.269,18.344999999999985,7.34
1841,74.672,23.672999999999988,9.47
1842,86.268,17.404999999999987,6.96
1843,91.58500000000001,5.819999999999979,2.33
1844,89.89500000000001,0.0,0.0
1845,79.677,0.3229999999999933,0.13
1846,82.043,0.0,0.0
1847,68.51,11.489999999999995,4.6
1848,68.822,22.667999999999992,9.07
1849,68.536,34.13199999999999,13.65
1850,66.443,27.688999999999993,11.08
1851,78.65,29.038999999999987,11.62
1852,71.227,37.81199999999998,15.12
1853,85.436,12.375999999999976,4.95
1854,92.833,0.0,0.0
1855,92.18299999999999,0.0,0.0
1856,102.06300000000002,0.0,0.0
1857,92.15700000000001,0.0,0.0
1858,86.84,0.0,0.0
1859,78.429,1.570999999999998,0.63
1860,70.278,11.292999999999992,4.52
1861,70.22600000000001,21.06699999999998,8.43
1862,69.602,31.464999999999975,12.59
1863,62.348000000000006,29.11699999999997,11.65
1864,79.85900000000001,29.257999999999953,11.7
1865,75.53,33.72799999999995,13.49
1866,92.42999999999999,1.2979999999999592,0.52
1867,95.615,0.0,0.0
1868,85.02000000000001,0.0,0.0
1869,82.095,0.0,0.0
1870,72.787,7.212999999999994,2.89
1871,71.045,16.167999999999992,6.47
1872,63.843,32.32499999999999,12.93
1873,69.914,22.410999999999987,8.96
1874,74.074,28.33699999999999,11.33
1875,77.168,31.168999999999983,12.47
1876,73.684,17.484999999999985,6.99
1877,81.029,16.45599999999999,6.58
1878,82.368,14.087999999999994,5.64
1879,91.66300000000001,2.424999999999983,0.97
1880,100.39900000000002,0.0,0.0
1881,99.437,0.0,0.0
1882,80.899,0.0,0.0
1883,75.10100000000001,4.898999999999987,1.96
1884,70.694,14.204999999999984,5.68
1885,68.159,26.045999999999978,10.42
1886,63.349,42.69699999999998,17.08
1887,70.824,31.872999999999976,12.75
1888,72.917,18.955999999999975,7.58
1889,81.965,16.99099999999997,6.8
1890,90.53200000000001,6.4589999999999606,2.58
1891,91.247,0.0,0.0
1892,87.568,0.0,0.0
1893,83.265,0.0,0.0
1894,76.752,3.2480000000000047,1.3
1895,70.447,12.801000000000002,5.12
1896,64.038,28.763000000000005,11.51
1897,73.11200000000001,35.650999999999996,14.26
1898,71.149,24.501999999999995,9.8
1899,70.577,33.925,13.57
1900,78.598,15.326999999999998,6.13
1901,80.548,14.778999999999996,5.91
1902,93.50900000000001,1.2699999999999818,0.51
1903,96.25200000000001,0.0,0.0
1904,96.21300000000001,0.0,0.0
1905,94.87400000000001,0.0,0.0
1906,79.586,0.4140000000000015,0.17
1907,73.021,7.393000000000001,2.96
1908,66.144,21.248999999999995,8.5
1909,67.626,33.62299999999999,13.45
1910,73.268,20.35499999999999,8.14
1911,77.87,22.484999999999985,8.99
1912,77.259,25.225999999999985,10.09
1913,83.96700000000001,21.258999999999972,8.5
1914,81.38000000000001,19.878999999999962,7.95
1915,89.10200000000002,10.776999999999944,4.31
1916,86.203,4.573999999999941,1.83
1917,81.27600000000001,3.2979999999999308,1.32
1918,76.44,6.857999999999933,2.74
1919,70.04400000000001,16.813999999999922,6.73
1920,57.330000000000005,39.48399999999992,15.79
1921,69.797,29.686999999999927,11.87
1922,64.779,44.90799999999993,17.96
1923,72.657,32.250999999999934,12.9
1924,83.96700000000001,8.28399999999992,3.31
1925,78.26,10.023999999999916,4.01
1926,79.066,10.957999999999913,4.38
1927,93.69099999999999,0.0,0.0
1928,100.919,0.0,0.0
1929,100.763,0.0,0.0
1930,80.925,0.0,0.0
1931,79.352,0.6479999999999961,0.26
1932,68.97800000000001,11.669999999999987,4.67
1933,66.65100000000001,25.018999999999977,10.01
1934,76.81700000000001,28.20199999999997,11.28
1935,63.297,44.90499999999997,17.96
1936,75.751,29.153999999999968,11.66
1937,83.837,25.316999999999965,10.13
1938,92.638,12.67899999999996,5.07
1939,91.598,1.0809999999999604,0.43
1940,90.47999999999999,0.0,0.0
1941,82.16000000000001,0.0,0.0
1942,78.156,1.843999999999994,0.74
1943,70.551,11.292999999999992,4.52
1944,67.47,23.822999999999993,9.53
1945,65.429,38.39399999999999,15.36
1946,70.434,27.959999999999994,11.18
1947,71.617,36.34299999999999,14.54
1948,80.275,16.067999999999984,6.43
1949,81.653,14.414999999999978,5.77
1950,82.01700000000001,12.397999999999968,4.96
1951,99.723,0.0,0.0
1952,93.093,0.0,0.0
1953,90.58400000000002,0.0,0.0
1954,83.39500000000001,0.0,0.0
1955,82.771,0.0,0.0
1956,62.464999999999996,17.535000000000004,7.01
1957,79.313,18.221999999999994,7.29
1958,70.629,27.59299999999999,11.04
1959,70.031,37.56199999999998,15.02
1960,74.555,23.006999999999977,9.2
1961,83.135,19.87199999999997,7.95
1962,90.44099999999999,9.430999999999983,3.77
1963,93.74300000000001,0.0,0.0
1964,91.44200000000001,0.0,0.0
1965,84.04500000000002,0.0,0.0
1966,76.336,3.6640000000000015,1.47
1967,71.292,12.372,4.95
1968,64.28500000000001,28.08699999999999,11.23
1969,71.292,36.79499999999999,14.72
1970,71.279,25.51599999999999,10.21
1971,60.268,45.24799999999999,18.1
1972,78.44200000000001,26.805999999999983,10.72
1973,82.615,24.19099999999999,9.68
1974,88.85499999999999,15.335999999999999,6.13
1975,93.28800000000001,2.0479999999999876,0.82
1976,101.01,0.0,0.0
1977,96.82400000000001,0.0,0.0
1978,82.706,0.0,0.0
1979,79.001,0.9989999999999952,0.4
1980,67.002,13.997,5.6
1981,61.685,32.312,12.92
1982,64.06400000000001,28.24799999999999,11.3
1983,72.527,35.72099999999999,14.29
1984,78.481,17.239999999999995,6.9
1985,84.01899999999999,13.221000000000004,5.29
1986,91.23400000000001,1.9869999999999948,0.79
1987,93.236,0.0,0.0
1988,86.775,0.0,0.0
1989,85.37100000000001,0.0,0.0
1990,80.223,0.0,0.0
1991,74.828,5.171999999999997,2.07
1992,69.68,15.49199999999999,6.2
1993,69.641,25.850999999999985,10.34
1994,70.33,35.52099999999999,14.21
1995,75.907,19.61399999999999,7.85
1996,75.777,23.83699999999999,9.53
1997,78.416,25.420999999999992,10.17
1998,88.296,17.124999999999986,6.85
1999,91.897,5.22799999999998,2.09
2000,94.003,0.0,0.0
2001,92.56,0.0,0.0
2002,82.628,0.0,0.0
2003,76.206,3.793999999999997,1.52
2004,63.414,20.379999999999995,8.15
2005,67.899,32.480999999999995,12.99
2006,66.508,25.973,10.39
2007,65.97500000000001,39.99799999999999,16.0
2008,77.337,22.660999999999987,9.06
2009,85.67000000000002,16.99099999999997,6.8
2010,82.134,14.856999999999971,5.94
2011,88.244,6.612999999999971,2.65
2012,86.268,0.34499999999997044,0.14
2013,80.028,0.31699999999996464,0.13
2014,80.34,0.0,0.0
2015,71.123,8.876999999999995,3.55
2016,64.012,24.864999999999995,9.95
2017,59.059000000000005,45.80599999999999,18.32
2018,71.435,34.37099999999998,13.75
2019,66.89800000000001,27.47299999999997,10.99
2020,76.115,31.357999999999976,12.54
2021,82.927,8.430999999999969,3.37
2022,94.237,0.0,0.0
2023,89.7,0.0,0.0
2024,84.851,0.0,0.0
2025,93.847,0.0,0.0
2026,92.742,0.0,0.0
2027,82.238,0.0,0.0
2028,71.617,8.382999999999996,3.35
2029,65.156,23.22699999999999,9.29
2030,69.654,33.57299999999999,13.43
2031,65.364,28.20899999999999,11.28
2032,76.622,31.58699999999999,12.63
2033,83.99300000000001,7.59399999999998,3.04
2034,92.534,0.0,0.0
2035,101.98500000000001,0.0,0.0
2036,90.80499999999999,0.0,0.0
2037,81.705,0.0,0.0
2038,76.999,3.0010000000000048,1.2
2039,64.98700000000001,18.013999999999996,7.21
2040,62.33500000000001,35.67899999999999,14.27
2041,65.286,30.392999999999986,12.16
2042,66.911,23.481999999999985,9.39
2043,72.319,31.162999999999982,12.47
2044,72.67,18.49299999999998,7.4
2045,86.216,12.276999999999987,4.91
2046,88.93299999999999,3.343999999999994,1.34
2047,94.77000000000001,0.0,0.0
2048,95.35499999999999,0.0,0.0
2049,93.72999999999999,0.0,0.0
2050,88.93299999999999,0.0,0.0
2051,74.022,5.977999999999994,2.39
2052,68.224,17.75399999999999,7.1
2053,65.884,31.86999999999999,12.75
2054,61.256,30.61399999999999,12.25
2055,65.97500000000001,24.63899999999998,9.86
2056,72.904,31.734999999999985,12.69
2057,85.423,6.311999999999983,2.52
2058,89.427,0.0,0.0
2059,91.97500000000001,0.0,0.0
2060,92.586,0.0,0.0
2061,83.161,0.0,0.0
2062,78.624,1.3760000000000048,0.55
2063,71.48700000000001,9.888999999999996,3.96
2064,66.079,23.810000000000002,9.52
2065,64.597,39.21300000000001,15.69
2066,59.449,39.76400000000001,15.91
2067,71.20100000000001,28.563000000000002,11.43
2068,81.432,27.131,10.85
2069,85.462,21.668999999999997,8.67
2070,92.69,8.979,3.59
2071,99.619,0.0,0.0
2072,96.97999999999999,0.0,0.0
2073,93.89900000000002,0.0,0.0
2074,83.304,0.0,0.0
2075,76.18,3.819999999999993,1.53
2076,73.203,10.61699999999999,4.25
2077,71.76,18.856999999999985,7.54
2078,65.962,32.89499999999998,13.16
2079,67.405,25.48999999999998,10.2
2080,74.763,30.726999999999975,12.29
2081,84.357,6.369999999999976,2.55
2082,82.771,3.5989999999999753,1.44
2083,82.26400000000001,1.3349999999999653,0.53
2084,87.126,0.0,0.0
2085,78.936,1.063999999999993,0.43
2086,75.114,5.949999999999989,2.38
2087,71.305,14.644999999999982,5.86
2088,63.27100000000001,31.373999999999974,12.55
2089,72.53999999999999,18.833999999999975,7.53
2090,70.239,28.59499999999997,11.44
2091,72.904,35.690999999999974,14.28
2092,78.29899999999999,17.39199999999998,6.96
2093,77.402,19.98999999999998,8.0
2094,92.976,7.013999999999982,2.81
2095,94.51,0.0,0.0
2096,99.242,0.0,0.0
2097,88.94600000000001,0.0,0.0
2098,79.65100000000001,0.34899999999998954,0.14
2099,80.60000000000001,0.0,0.0
2100,72.26700000000001,7.73299999999999,3.09
2101,63.557,24.175999999999988,9.67
2102,63.115,41.060999999999986,16.42
2103,73.554,27.506999999999977,11.0
2104,70.122,37.38499999999998,14.95
2105,88.426,8.958999999999975,3.58
2106,84.89,4.068999999999974,1.63
2107,93.71700000000001,0.0,0.0
2108,87.997,0.0,0.0
2109,86.047,0.0,0.0
2110,74.98400000000001,5.015999999999991,2.01
2111,71.253,13.762999999999991,5.51
2112,65.208,28.554999999999993,11.42
2113,62.972,45.58299999999999,18.23
2114,71.85100000000001,33.731999999999985,13.49
2115,69.732,23.999999999999986,9.6
2116,74.98400000000001,29.015999999999977,11.61
2117,77.974,31.041999999999973,12.42
2118,78.936,12.105999999999966,4.84
2119,94.05499999999999,0.0,0.0
2120,106.041,0.0,0.0
2121,96.187,0.0,0.0
2122,85.64399999999999,0.0,0.0
2123,76.388,3.6119999999999948,1.44
2124,70.88900000000001,12.722999999999985,5.09
2125,69.199,23.523999999999987,9.41
2126,61.906,41.61799999999999,16.65
2127,73.515,28.102999999999994,11.24
2128,77.55799999999999,30.545,12.22
2129,84.812,5.733000000000004,2.29
2130,90.116,0.0,0.0
2131,91.299,0.0,0.0
2132,91.897,0.0,0.0
2133,85.995,0.0,0.0
2134,75.72500000000001,4.2749999999999915,1.71
2135,69.654,14.620999999999995,5.85
2136,65.44200000000001,29.178999999999988,11.67
2137,72.917,36.261999999999986,14.5
2138,64.129,32.13299999999998,12.85
2139,66.001,26.131999999999977,10.45
2140,76.518,29.613999999999976,11.85
2141,82.043,27.57099999999997,11.03
2142,89.60900000000001,17.96199999999996,7.18
2143,95.758,2.203999999999965,0.88
2144,95.758,0.0,0.0
2145,98.943,0.0,0.0
2146,79.46900000000001,0.5309999999999917,0.21
2147,74.17800000000001,6.35299999999998,2.54
2148,70.395,15.957999999999984,6.38
2149,60.657999999999994,35.29999999999999,14.12
2150,65.819,29.48099999999998,11.79
2151,75.647,33.833999999999975,13.53
2152,74.84100000000001,18.992999999999967,7.6
2153,82.914,16.078999999999965,6.43
2154,83.486,12.592999999999961,5.04
2155,88.81599999999999,3.7769999999999726,1.51
2156,87.815,0.0,0.0
2157,82.446,0.0,0.0
2158,82.095,0.0,0.0
2159,74.061,5.938999999999993,2.38
2160,60.71000000000001,25.228999999999985,10.09
2161,67.834,37.39499999999998,14.96
2162,70.902,26.49299999999998,10.6
2163,76.18,30.312999999999974,12.13
2164,82.043,8.269999999999968,3.31
2165,77.896,10.373999999999967,4.15
2166,85.761,4.612999999999971,1.85
2167,89.89500000000001,0.0,0.0
2168,95.719,0.0,0.0
2169,94.95200000000001,0.0,0.0
2170,89.57000000000001,0.0,0.0
2171,77.116,2.8840000000000003,1.15
2172,69.55,13.334000000000003,5.33
2173,67.66499999999999,25.66900000000001,10.27
2174,63.245,42.424000000000014,16.97
2175,77.311,25.113,10.05
2176,68.497,36.616,14.65
2177,82.732,13.884,5.55
2178,96.291,0.0,0.0
2179,91.247,0.0,0.0
2180,88.53,0.0,0.0
2181,82.30300000000001,0.0,0.0
2182,76.40100000000001,3.5989999999999895,1.44
2183,77.233,6.3659999999999854,2.55
2184,56.42,29.945999999999984,11.98
2185,72.852,37.09399999999998,14.84
2186,63.401,33.69299999999998,13.48
2187,70.694,22.99899999999998,9.2
2188,74.204,28.794999999999987,11.52
2189,84.14900000000002,24.645999999999972,9.86
2190,82.693,21.952999999999975,8.78
2191,96.60300000000001,5.349999999999966,2.14
2192,104.52000000000001,0.0,0.0
2193,87.815,0.0,0.0
2194,86.45,0.0,0.0
2195,74.828,5.171999999999997,2.07
2196,72.462,12.709999999999994,5.08
2197,67.145,25.564999999999998,10.23
2198,63.998999999999995,41.566,16.63
2199,71.071,30.495000000000005,12.2
2200,81.809,8.686000000000007,3.47
2201,81.27600000000001,7.409999999999997,2.96
2202,91.208,0.0,0.0
2203,86.177,0.0,0.0
2204,85.54,0.0,0.0
2205,85.52700000000002,0.0,0.0
2206,82.888,0.0,0.0
2207,73.268,6.731999999999999,2.69
2208,63.81700000000001,22.914999999999992,9.17
2209,66.872,36.04299999999999,14.42
2210,64.09,31.95299999999999,12.78
2211,74.087,17.865999999999985,7.15
2212,79.32600000000001,18.539999999999978,7.42
2213,80.08,18.45999999999998,7.38
2214,87.10000000000001,11.359999999999971,4.54
2215,95.836,0.0,0.0
2216,94.926,0.0,0.0
2217,92.872,0.0,0.0
2218,93.89900000000002,0.0,0.0
2219,76.453,3.546999999999997,1.42
2220,69.394,14.152999999999992,5.66
2221,64.545,29.60799999999999,11.84
2222,69.407,40.20099999999999,16.08
2223,68.458,31.742999999999995,12.7
2224,72.22800000000001,19.514999999999986,7.81
2225,87.165,12.34999999999998,4.94
2226,93.93800000000002,0.0,0.0
2227,88.88100000000001,0.0,0.0
2228,81.991,0.0,0.0
2229,87.62,0.0,0.0
2230,74.438,5.561999999999998,2.22
2231,74.971,10.590999999999994,4.24
2232,57.356,33.23499999999999,13.29
2233,70.356,22.87899999999999,9.15
2234,64.233,38.64599999999999,15.46
2235,74.581,24.064999999999984,9.63
2236,75.93299999999999,28.13199999999999,11.25
2237,78.13000000000001,30.00199999999998,12.0
2238,87.347,2.654999999999987,1.06
2239,97.487,0.0,0.0
2240,97.04500000000002,0.0,0.0
2241,95.40700000000001,0.0,0.0
2242,93.418,0.0,0.0
2243,71.305,8.694999999999993,3.48
2244,77.10300000000001,11.591999999999985,4.64
2245,67.483,24.10899999999998,9.64
2246,62.998000000000005,41.110999999999976,16.44
2247,63.973000000000006,37.13799999999997,14.86
2248,74.022,23.11599999999997,9.25
2249,85.60499999999999,17.51099999999998,7.0
2250,87.906,9.604999999999976,3.84
2251,97.11000000000001,0.0,0.0
2252,83.616,0.0,0.0
2253,83.64200000000001,0.0,0.0
2254,72.215,7.784999999999997,3.11
2255,73.307,14.477999999999994,5.79
2256,68.497,25.980999999999995,10.39
2257,65.23400000000001,40.746999999999986,16.3
2258,58.799,41.947999999999986,16.78
2259,72.501,29.446999999999974,11.78
2260,77.584,31.86299999999997,12.75
2261,83.421,8.441999999999965,3.38
2262,93.74300000000001,0.0,0.0
2263,90.62299999999999,0.0,0.0
2264,99.281,0.0,0.0
2265,97.786,0.0,0.0
2266,78.78,1.2199999999999989,0.49
2267,78.663,2.557000000000002,1.02
2268,68.83500000000001,13.721999999999994,5.49
2269,66.75500000000001,26.966999999999985,10.79
2270,67.86,39.106999999999985,15.64
2271,67.262,31.844999999999985,12.74
2272,72.137,19.707999999999984,7.88
2273,82.147,17.56099999999998,7.02
2274,84.16199999999999,13.398999999999987,5.36
2275,86.983,6.415999999999983,2.57
2276,91.923,0.0,0.0
2277,79.209,0.7909999999999968,0.32
2278,79.703,1.0879999999999939,0.44
2279,73.684,7.403999999999996,2.96
2280,58.318,29.086,11.63
2281,64.233,44.852999999999994,17.94
2282,73.619,31.233999999999995,12.49
2283,67.899,23.334999999999994,9.33
2284,74.061,29.273999999999987,11.71
2285,83.655,25.618999999999986,10.25
2286,91.98800000000001,13.630999999999972,5.45
2287,93.82100000000001,0.0,0.0
2288,94.302,0.0,0.0
2289,98.68299999999999,0.0,0.0
2290,92.495,0.0,0.0
2291,81.224,0.0,0.0
2292,71.136,8.864000000000004,3.55
2293,63.92100000000001,24.942999999999998,9.98
2294,63.27100000000001,41.67199999999999,16.67
2295,71.20100000000001,30.47099999999999,12.19
2296,76.40100000000001,14.069999999999979,5.63
2297,87.47700000000002,6.592999999999961,2.64
2298,90.935,0.0,0.0
2299,85.358,0.0,0.0
2300,93.379,0.0,0.0
2301,79.79400000000001,0.20599999999998886,0.08
2302,75.608,4.597999999999985,1.84
2303,72.865,11.73299999999999,4.69
2304,72.82600000000001,18.906999999999982,7.56
2305,79.001,19.905999999999977,7.96
2306,71.331,28.574999999999974,11.43
2307,71.019,37.55599999999997,15.02
2308,77.961,19.59499999999997,7.84
2309,85.30600000000001,14.288999999999959,5.72
2310,87.672,6.616999999999962,2.65
2311,101.80300000000001,0.0,0.0
2312,97.526,0.0,0.0
2313,95.069,0.0,0.0
2314,88.30900000000001,0.0,0.0
2315,79.05300000000001,0.9469999999999885,0.38
2316,74.074,6.8729999999999905,2.75
2317,64.662,22.210999999999984,8.88
2318,64.324,37.886999999999986,15.15
2319,64.87,33.01699999999998,13.21
2320,76.479,16.537999999999982,6.62
2321,85.05900000000001,11.47899999999997,4.59
2322,90.194,1.2849999999999682,0.51
2323,97.747,0.0,0.0
2324,89.245,0.0,0.0
2325,86.294,0.0,0.0
2326,72.839,7.161000000000001,2.86
2327,70.369,16.792,6.72
2328,67.756,29.036,11.61
2329,70.18700000000001,38.84899999999999,15.54
2330,67.80799999999999,31.040999999999997,12.42
2331,71.44800000000001,19.59299999999999,7.84
2332,69.953,29.639999999999986,11.86
2333,80.45700000000001,29.18299999999998,11.67
2334,92.404,16.778999999999982,6.71
2335,97.04500000000002,0.0,0.0
2336,98.57900000000001,0.0,0.0
2337,93.32700000000001,0.0,0.0
2338,85.74799999999999,0.0,0.0
2339,74.84100000000001,5.158999999999992,2.06
2340,73.528,11.630999999999986,4.65
2341,68.718,22.912999999999982,9.17
2342,68.432,34.48099999999998,13.79
2343,67.119,27.36199999999998,10.94
2344,66.365,40.996999999999986,16.4
2345,86.294,14.702999999999989,5.88
2346,86.541,8.161999999999992,3.26
2347,87.854,0.3079999999999927,0.12
2348,91.97500000000001,0.0,0.0
2349,82.16000000000001,0.0,0.0
2350,81.23700000000001,0.0,0.0
2351,74.295,5.704999999999998,2.28
2352,67.704,18.001000000000005,7.2
2353,61.55500000000001,36.446,14.58
2354,73.684,22.762,9.1
2355,72.748,30.013999999999996,12.01
2356,74.438,15.575999999999993,6.23
2357,82.407,13.168999999999997,5.27
2358,82.004,11.164999999999992,4.47
2359,96.39500000000001,0.0,0.0
2360,92.612,0.0,0.0
2361,87.854,0.0,0.0
2362,79.781,0.2189999999999941,0.09
2363,81.744,0.0,0.0
2364,68.34100000000001,11.658999999999992,4.66
2365,73.047,18.611999999999995,7.44
2366,64.41499999999999,34.197,13.68
2367,62.504,31.693000000000005,12.68
2368,70.408,21.28500000000001,8.51
2369,86.84,14.445000000000007,5.78
2370,87.789,6.656000000000006,2.66
2371,89.089,0.0,0.0
2372,89.89500000000001,0.0,0.0
2373,85.64399999999999,0.0,0.0
2374,81.458,0.0,0.0
2375,77.532,2.4680000000000035,0.99
2376,63.635000000000005,18.833,7.53
2377,61.698,37.135,14.85
2378,67.35300000000001,29.781999999999982,11.91
2379,72.748,37.03399999999998,14.81
2380,72.124,24.909999999999982,9.96
2381,78.117,26.792999999999978,10.72
2382,90.272,16.520999999999972,6.61
2383,94.614,1.906999999999968,0.76
2384,96.75900000000001,0.0,0.0
2385,90.168,0.0,0.0
2386,84.812,0.0,0.0
2387,73.801,6.198999999999998,2.48
2388,74.269,11.929999999999993,4.77
2389,71.11,20.819999999999993,8.33
2390,59.306,41.513999999999996,16.61
2391,65.533,35.980999999999995,14.39
2392,68.926,27.054999999999993,10.82
2393,79.482,27.572999999999993,11.03
2394,88.075,19.49799999999999,7.8
2395,85.56599999999999,13.932000000000002,5.57
2396,85.68299999999999,8.24900000000001,3.3
2397,79.781,8.468000000000004,3.39
2398,77.909,10.558999999999997,4.22
2399,72.15,18.408999999999992,7.36
2400,62.231,36.17799999999999,14.47
2401,67.561,28.61699999999999,11.45
2402,66.833,41.78399999999999,16.71
2403,70.668,31.115999999999985,12.45
2404,82.407,8.708999999999989,3.48
2405,87.07400000000001,1.6349999999999767,0.65
2406,83.86300000000001,0.0,0.0
2407,98.046,0.0,0.0
2408,99.801,0.0,0.0
2409,88.647,0.0,0.0
2410,88.90700000000001,0.0,0.0
2411,83.408,0.0,0.0
2412,66.417,13.582999999999998,5.43
2413,63.492000000000004,30.090999999999994,12.04
2414,70.473,19.617999999999995,7.85
2415,70.22600000000001,29.39199999999998,11.76
2416,76.921,32.470999999999975,12.99
2417,83.343,9.127999999999972,3.65
2418,89.921,0.0,0.0
2419,86.047,0.0,0.0
2420,93.35300000000001,0.0,0.0
2421,88.257,0.0,0.0
2422,76.206,3.793999999999997,1.52
2423,71.721,12.072999999999993,4.83
2424,59.071999999999996,33.001,13.2
2425,68.887,24.114000000000004,9.65
2426,71.188,32.926,13.17
2427,71.48700000000001,21.438999999999993,8.58
2428,80.262,21.176999999999992,8.47
2429,80.548,20.62899999999999,8.25
2430,91.13,9.498999999999995,3.8
2431,90.831,0.0,0.0
2432,96.53800000000001,0.0,0.0
2433,92.456,0.0,0.0
2434,86.593,0.0,0.0
2435,75.972,4.028000000000006,1.61
2436,70.278,13.75,5.5
2437,70.291,23.459000000000003,9.38
2438,64.805,38.653999999999996,15.46
2439,62.894000000000005,35.75999999999999,14.3
2440,81.588,14.171999999999997,5.67
2441,87.39900000000002,6.772999999999982,2.71
2442,83.369,3.403999999999982,1.36
2443,93.91199999999999,0.0,0.0
2444,87.30799999999999,0.0,0.0
2445,84.721,0.0,0.0
2446,78.247,1.7530000000000001,0.7
2447,70.96700000000001,10.785999999999987,4.31
2448,61.984,28.801999999999985,11.52
2449,64.181,44.620999999999995,17.85
2450,65.39,39.230999999999995,15.69
2451,68.48400000000001,30.746999999999986,12.3
2452,75.62100000000001,15.125999999999976,6.05
2453,79.05300000000001,16.072999999999965,6.43
2454,91.58500000000001,4.487999999999957,1.8
2455,100.607,0.0,0.0
2456,94.367,0.0,0.0
2457,94.068,0.0,0.0
2458,87.659,0.0,0.0
2459,79.248,0.7519999999999953,0.3
2460,71.097,9.655000000000001,3.86
2461,69.96600000000001,19.688999999999993,7.88
2462,68.393,31.295999999999992,12.52
2463,64.337,26.95899999999999,10.78
2464,78.156,28.802999999999983,11.52
2465,85.47500000000001,23.327999999999975,9.33
2466,85.423,17.904999999999973,7.16
2467,91.364,6.540999999999968,2.62
2468,91.936,0.0,0.0
2469,82.875,0.0,0.0
2470,81.289,0.0,0.0
2471,81.107,0.0,0.0
2472,61.984,18.016,7.21
2473,61.489999999999995,36.525999999999996,14.61
2474,70.14800000000001,26.377999999999986,10.55
2475,74.542,31.835999999999984,12.73
2476,74.98400000000001,16.851999999999975,6.74
2477,87.51599999999999,9.335999999999984,3.73
2478,83.70700000000001,5.6289999999999765,2.25
2479,97.513,0.0,0.0
2480,94.263,0.0,0.0
2481,99.84,0.0,0.0
2482,93.483,0.0,0.0
2483,74.425,5.575000000000003,2.23
2484,68.653,16.921999999999997,6.77
2485,70.421,26.50099999999999,10.6
2486,65.0,41.50099999999999,16.6
2487,68.991,32.50999999999999,13.0
2488,74.867,17.642999999999986,7.06
2489,74.529,23.11399999999999,9.25
2490,88.348,14.765999999999991,5.91
2491,88.53,6.23599999999999,2.49
2492,87.347,0.0,0.0
2493,89.323,0.0,0.0
2494,72.202,7.798000000000002,3.12
2495,75.06200000000001,12.73599999999999,5.09
2496,63.96000000000001,28.775999999999982,11.51
2497,65.78,42.99599999999998,17.2
2498,72.046,30.949999999999974,12.38
2499,73.06,17.889999999999972,7.16
